2025-12-08 09:46:09 [restartedMain] INFO  s.s.SunuFarmasiApiApplication - Starting SunuFarmasiApiApplication using Java 21.0.8 with PID 57144 (C:\Users\LENOVO\Projects\AL Amine\SunuPharmacie\sunufarmasi-api\target\classes started by LENOVO in C:\Users\LENOVO\Projects\AL Amine\SunuPharmacie\sunufarmasi-api)
2025-12-08 09:46:09 [restartedMain] INFO  s.s.SunuFarmasiApiApplication - No active profile set, falling back to 1 default profile: "default"
2025-12-08 09:46:09 [restartedMain] INFO  o.s.b.d.e.DevToolsPropertyDefaultsPostProcessor - Devtools property defaults active! Set 'spring.devtools.add-properties' to 'false' to disable
2025-12-08 09:46:09 [restartedMain] INFO  o.s.b.d.e.DevToolsPropertyDefaultsPostProcessor - For additional web related logging consider setting the 'logging.level.web' property to 'DEBUG'
2025-12-08 09:46:12 [restartedMain] INFO  o.s.d.r.c.RepositoryConfigurationDelegate - Multiple Spring Data modules found, entering strict repository configuration mode
2025-12-08 09:46:12 [restartedMain] INFO  o.s.d.r.c.RepositoryConfigurationDelegate - Bootstrapping Spring Data JPA repositories in DEFAULT mode.
2025-12-08 09:46:12 [restartedMain] INFO  o.s.d.r.c.RepositoryConfigurationDelegate - Finished Spring Data repository scanning in 352 ms. Found 29 JPA repository interfaces.
2025-12-08 09:46:12 [restartedMain] INFO  o.s.d.r.c.RepositoryConfigurationDelegate - Multiple Spring Data modules found, entering strict repository configuration mode
2025-12-08 09:46:12 [restartedMain] INFO  o.s.d.r.c.RepositoryConfigurationDelegate - Bootstrapping Spring Data Redis repositories in DEFAULT mode.
2025-12-08 09:46:12 [restartedMain] INFO  o.s.d.r.c.RepositoryConfigurationExtensionSupport - Spring Data Redis - Could not safely identify store assignment for repository candidate interface sn.sunufarmasi.auth.repository.OtpRepository; If you want this repository to be a Redis repository, consider annotating your entities with one of these annotations: org.springframework.data.redis.core.RedisHash (preferred), or consider extending one of the following types with your repository: org.springframework.data.keyvalue.repository.KeyValueRepository
2025-12-08 09:46:12 [restartedMain] INFO  o.s.d.r.c.RepositoryConfigurationExtensionSupport - Spring Data Redis - Could not safely identify store assignment for repository candidate interface sn.sunufarmasi.auth.repository.VerificationOtpRepository; If you want this repository to be a Redis repository, consider annotating your entities with one of these annotations: org.springframework.data.redis.core.RedisHash (preferred), or consider extending one of the following types with your repository: org.springframework.data.keyvalue.repository.KeyValueRepository
2025-12-08 09:46:12 [restartedMain] INFO  o.s.d.r.c.RepositoryConfigurationExtensionSupport - Spring Data Redis - Could not safely identify store assignment for repository candidate interface sn.sunufarmasi.employe.repository.EmployeRepository; If you want this repository to be a Redis repository, consider annotating your entities with one of these annotations: org.springframework.data.redis.core.RedisHash (preferred), or consider extending one of the following types with your repository: org.springframework.data.keyvalue.repository.KeyValueRepository
2025-12-08 09:46:12 [restartedMain] INFO  o.s.d.r.c.RepositoryConfigurationExtensionSupport - Spring Data Redis - Could not safely identify store assignment for repository candidate interface sn.sunufarmasi.garde.repository.GardeRepository; If you want this repository to be a Redis repository, consider annotating your entities with one of these annotations: org.springframework.data.redis.core.RedisHash (preferred), or consider extending one of the following types with your repository: org.springframework.data.keyvalue.repository.KeyValueRepository
2025-12-08 09:46:12 [restartedMain] INFO  o.s.d.r.c.RepositoryConfigurationExtensionSupport - Spring Data Redis - Could not safely identify store assignment for repository candidate interface sn.sunufarmasi.garde.repository.PlanningGardeRepository; If you want this repository to be a Redis repository, consider annotating your entities with one of these annotations: org.springframework.data.redis.core.RedisHash (preferred), or consider extending one of the following types with your repository: org.springframework.data.keyvalue.repository.KeyValueRepository
2025-12-08 09:46:12 [restartedMain] INFO  o.s.d.r.c.RepositoryConfigurationExtensionSupport - Spring Data Redis - Could not safely identify store assignment for repository candidate interface sn.sunufarmasi.localisation.repository.CommuneRepository; If you want this repository to be a Redis repository, consider annotating your entities with one of these annotations: org.springframework.data.redis.core.RedisHash (preferred), or consider extending one of the following types with your repository: org.springframework.data.keyvalue.repository.KeyValueRepository
2025-12-08 09:46:12 [restartedMain] INFO  o.s.d.r.c.RepositoryConfigurationExtensionSupport - Spring Data Redis - Could not safely identify store assignment for repository candidate interface sn.sunufarmasi.localisation.repository.DepartementRepository; If you want this repository to be a Redis repository, consider annotating your entities with one of these annotations: org.springframework.data.redis.core.RedisHash (preferred), or consider extending one of the following types with your repository: org.springframework.data.keyvalue.repository.KeyValueRepository
2025-12-08 09:46:12 [restartedMain] INFO  o.s.d.r.c.RepositoryConfigurationExtensionSupport - Spring Data Redis - Could not safely identify store assignment for repository candidate interface sn.sunufarmasi.localisation.repository.PaysRepository; If you want this repository to be a Redis repository, consider annotating your entities with one of these annotations: org.springframework.data.redis.core.RedisHash (preferred), or consider extending one of the following types with your repository: org.springframework.data.keyvalue.repository.KeyValueRepository
2025-12-08 09:46:12 [restartedMain] INFO  o.s.d.r.c.RepositoryConfigurationExtensionSupport - Spring Data Redis - Could not safely identify store assignment for repository candidate interface sn.sunufarmasi.localisation.repository.RegionRepository; If you want this repository to be a Redis repository, consider annotating your entities with one of these annotations: org.springframework.data.redis.core.RedisHash (preferred), or consider extending one of the following types with your repository: org.springframework.data.keyvalue.repository.KeyValueRepository
2025-12-08 09:46:12 [restartedMain] INFO  o.s.d.r.c.RepositoryConfigurationExtensionSupport - Spring Data Redis - Could not safely identify store assignment for repository candidate interface sn.sunufarmasi.mutuelle.repository.AdherentRepository; If you want this repository to be a Redis repository, consider annotating your entities with one of these annotations: org.springframework.data.redis.core.RedisHash (preferred), or consider extending one of the following types with your repository: org.springframework.data.keyvalue.repository.KeyValueRepository
2025-12-08 09:46:12 [restartedMain] INFO  o.s.d.r.c.RepositoryConfigurationExtensionSupport - Spring Data Redis - Could not safely identify store assignment for repository candidate interface sn.sunufarmasi.mutuelle.repository.ContratMutuelleRepository; If you want this repository to be a Redis repository, consider annotating your entities with one of these annotations: org.springframework.data.redis.core.RedisHash (preferred), or consider extending one of the following types with your repository: org.springframework.data.keyvalue.repository.KeyValueRepository
2025-12-08 09:46:12 [restartedMain] INFO  o.s.d.r.c.RepositoryConfigurationExtensionSupport - Spring Data Redis - Could not safely identify store assignment for repository candidate interface sn.sunufarmasi.mutuelle.repository.DemandeRemboursementRepository; If you want this repository to be a Redis repository, consider annotating your entities with one of these annotations: org.springframework.data.redis.core.RedisHash (preferred), or consider extending one of the following types with your repository: org.springframework.data.keyvalue.repository.KeyValueRepository
2025-12-08 09:46:12 [restartedMain] INFO  o.s.d.r.c.RepositoryConfigurationExtensionSupport - Spring Data Redis - Could not safely identify store assignment for repository candidate interface sn.sunufarmasi.mutuelle.repository.MutuelleRepository; If you want this repository to be a Redis repository, consider annotating your entities with one of these annotations: org.springframework.data.redis.core.RedisHash (preferred), or consider extending one of the following types with your repository: org.springframework.data.keyvalue.repository.KeyValueRepository
2025-12-08 09:46:12 [restartedMain] INFO  o.s.d.r.c.RepositoryConfigurationExtensionSupport - Spring Data Redis - Could not safely identify store assignment for repository candidate interface sn.sunufarmasi.notification.repository.ConfigNotificationRepository; If you want this repository to be a Redis repository, consider annotating your entities with one of these annotations: org.springframework.data.redis.core.RedisHash (preferred), or consider extending one of the following types with your repository: org.springframework.data.keyvalue.repository.KeyValueRepository
2025-12-08 09:46:12 [restartedMain] INFO  o.s.d.r.c.RepositoryConfigurationExtensionSupport - Spring Data Redis - Could not safely identify store assignment for repository candidate interface sn.sunufarmasi.notification.repository.NotificationRepository; If you want this repository to be a Redis repository, consider annotating your entities with one of these annotations: org.springframework.data.redis.core.RedisHash (preferred), or consider extending one of the following types with your repository: org.springframework.data.keyvalue.repository.KeyValueRepository
2025-12-08 09:46:12 [restartedMain] INFO  o.s.d.r.c.RepositoryConfigurationExtensionSupport - Spring Data Redis - Could not safely identify store assignment for repository candidate interface sn.sunufarmasi.patient.repository.PatientRepository; If you want this repository to be a Redis repository, consider annotating your entities with one of these annotations: org.springframework.data.redis.core.RedisHash (preferred), or consider extending one of the following types with your repository: org.springframework.data.keyvalue.repository.KeyValueRepository
2025-12-08 09:46:12 [restartedMain] INFO  o.s.d.r.c.RepositoryConfigurationExtensionSupport - Spring Data Redis - Could not safely identify store assignment for repository candidate interface sn.sunufarmasi.payment.repository.PaymentRepository; If you want this repository to be a Redis repository, consider annotating your entities with one of these annotations: org.springframework.data.redis.core.RedisHash (preferred), or consider extending one of the following types with your repository: org.springframework.data.keyvalue.repository.KeyValueRepository
2025-12-08 09:46:12 [restartedMain] INFO  o.s.d.r.c.RepositoryConfigurationExtensionSupport - Spring Data Redis - Could not safely identify store assignment for repository candidate interface sn.sunufarmasi.pharmacie.repository.PharmacienRepository; If you want this repository to be a Redis repository, consider annotating your entities with one of these annotations: org.springframework.data.redis.core.RedisHash (preferred), or consider extending one of the following types with your repository: org.springframework.data.keyvalue.repository.KeyValueRepository
2025-12-08 09:46:12 [restartedMain] INFO  o.s.d.r.c.RepositoryConfigurationExtensionSupport - Spring Data Redis - Could not safely identify store assignment for repository candidate interface sn.sunufarmasi.pharmacie.repository.PharmacieRepository; If you want this repository to be a Redis repository, consider annotating your entities with one of these annotations: org.springframework.data.redis.core.RedisHash (preferred), or consider extending one of the following types with your repository: org.springframework.data.keyvalue.repository.KeyValueRepository
2025-12-08 09:46:12 [restartedMain] INFO  o.s.d.r.c.RepositoryConfigurationExtensionSupport - Spring Data Redis - Could not safely identify store assignment for repository candidate interface sn.sunufarmasi.pharmacie.repository.PharmacieRepositorye; If you want this repository to be a Redis repository, consider annotating your entities with one of these annotations: org.springframework.data.redis.core.RedisHash (preferred), or consider extending one of the following types with your repository: org.springframework.data.keyvalue.repository.KeyValueRepository
2025-12-08 09:46:12 [restartedMain] INFO  o.s.d.r.c.RepositoryConfigurationExtensionSupport - Spring Data Redis - Could not safely identify store assignment for repository candidate interface sn.sunufarmasi.stock.repository.MouvementStockRepository; If you want this repository to be a Redis repository, consider annotating your entities with one of these annotations: org.springframework.data.redis.core.RedisHash (preferred), or consider extending one of the following types with your repository: org.springframework.data.keyvalue.repository.KeyValueRepository
2025-12-08 09:46:12 [restartedMain] INFO  o.s.d.r.c.RepositoryConfigurationExtensionSupport - Spring Data Redis - Could not safely identify store assignment for repository candidate interface sn.sunufarmasi.stock.repository.ProduitPharmacieRepository; If you want this repository to be a Redis repository, consider annotating your entities with one of these annotations: org.springframework.data.redis.core.RedisHash (preferred), or consider extending one of the following types with your repository: org.springframework.data.keyvalue.repository.KeyValueRepository
2025-12-08 09:46:12 [restartedMain] INFO  o.s.d.r.c.RepositoryConfigurationExtensionSupport - Spring Data Redis - Could not safely identify store assignment for repository candidate interface sn.sunufarmasi.stock.repository.ProduitRepository; If you want this repository to be a Redis repository, consider annotating your entities with one of these annotations: org.springframework.data.redis.core.RedisHash (preferred), or consider extending one of the following types with your repository: org.springframework.data.keyvalue.repository.KeyValueRepository
2025-12-08 09:46:12 [restartedMain] INFO  o.s.d.r.c.RepositoryConfigurationExtensionSupport - Spring Data Redis - Could not safely identify store assignment for repository candidate interface sn.sunufarmasi.subscription.repository.SubscriptionPlanRepository; If you want this repository to be a Redis repository, consider annotating your entities with one of these annotations: org.springframework.data.redis.core.RedisHash (preferred), or consider extending one of the following types with your repository: org.springframework.data.keyvalue.repository.KeyValueRepository
2025-12-08 09:46:12 [restartedMain] INFO  o.s.d.r.c.RepositoryConfigurationExtensionSupport - Spring Data Redis - Could not safely identify store assignment for repository candidate interface sn.sunufarmasi.subscription.repository.SubscriptionRepository; If you want this repository to be a Redis repository, consider annotating your entities with one of these annotations: org.springframework.data.redis.core.RedisHash (preferred), or consider extending one of the following types with your repository: org.springframework.data.keyvalue.repository.KeyValueRepository
2025-12-08 09:46:12 [restartedMain] INFO  o.s.d.r.c.RepositoryConfigurationExtensionSupport - Spring Data Redis - Could not safely identify store assignment for repository candidate interface sn.sunufarmasi.syndicat.repository.SyndicatRepository; If you want this repository to be a Redis repository, consider annotating your entities with one of these annotations: org.springframework.data.redis.core.RedisHash (preferred), or consider extending one of the following types with your repository: org.springframework.data.keyvalue.repository.KeyValueRepository
2025-12-08 09:46:12 [restartedMain] INFO  o.s.d.r.c.RepositoryConfigurationExtensionSupport - Spring Data Redis - Could not safely identify store assignment for repository candidate interface sn.sunufarmasi.user.repository.UserRepository; If you want this repository to be a Redis repository, consider annotating your entities with one of these annotations: org.springframework.data.redis.core.RedisHash (preferred), or consider extending one of the following types with your repository: org.springframework.data.keyvalue.repository.KeyValueRepository
2025-12-08 09:46:12 [restartedMain] INFO  o.s.d.r.c.RepositoryConfigurationExtensionSupport - Spring Data Redis - Could not safely identify store assignment for repository candidate interface sn.sunufarmasi.vente.repository.LigneVenteRepository; If you want this repository to be a Redis repository, consider annotating your entities with one of these annotations: org.springframework.data.redis.core.RedisHash (preferred), or consider extending one of the following types with your repository: org.springframework.data.keyvalue.repository.KeyValueRepository
2025-12-08 09:46:12 [restartedMain] INFO  o.s.d.r.c.RepositoryConfigurationExtensionSupport - Spring Data Redis - Could not safely identify store assignment for repository candidate interface sn.sunufarmasi.vente.repository.VenteRepository; If you want this repository to be a Redis repository, consider annotating your entities with one of these annotations: org.springframework.data.redis.core.RedisHash (preferred), or consider extending one of the following types with your repository: org.springframework.data.keyvalue.repository.KeyValueRepository
2025-12-08 09:46:12 [restartedMain] INFO  o.s.d.r.c.RepositoryConfigurationDelegate - Finished Spring Data repository scanning in 27 ms. Found 0 Redis repository interfaces.
2025-12-08 09:46:14 [restartedMain] INFO  o.s.b.w.e.tomcat.TomcatWebServer - Tomcat initialized with port 8080 (http)
2025-12-08 09:46:14 [restartedMain] INFO  o.a.catalina.core.StandardService - Starting service [Tomcat]
2025-12-08 09:46:14 [restartedMain] INFO  o.a.catalina.core.StandardEngine - Starting Servlet engine: [Apache Tomcat/10.1.48]
2025-12-08 09:46:14 [restartedMain] INFO  o.a.c.c.C.[Tomcat].[localhost].[/] - Initializing Spring embedded WebApplicationContext
2025-12-08 09:46:14 [restartedMain] INFO  o.s.b.w.s.c.ServletWebServerApplicationContext - Root WebApplicationContext: initialization completed in 4591 ms
2025-12-08 09:46:14 [restartedMain] DEBUG o.s.w.f.ServerHttpObservationFilter - Filter 'webMvcObservationFilter' configured for use
2025-12-08 09:46:15 [restartedMain] INFO  com.zaxxer.hikari.HikariDataSource - HikariPool-1 - Starting...
2025-12-08 09:46:15 [restartedMain] INFO  com.zaxxer.hikari.pool.HikariPool - HikariPool-1 - Added connection org.postgresql.jdbc.PgConnection@709f52bb
2025-12-08 09:46:15 [restartedMain] INFO  com.zaxxer.hikari.HikariDataSource - HikariPool-1 - Start completed.
2025-12-08 09:46:15 [restartedMain] INFO  org.flywaydb.core.FlywayExecutor - Database: jdbc:postgresql://localhost:5432/sunufarmasi-develop (PostgreSQL 17.6)
2025-12-08 09:46:15 [restartedMain] INFO  o.f.core.internal.command.DbValidate - Successfully validated 0 migrations (execution time 00:00.031s)
2025-12-08 09:46:15 [restartedMain] WARN  o.f.core.internal.command.DbValidate - No migrations found. Are your locations set up correctly?
2025-12-08 09:46:15 [restartedMain] INFO  o.f.core.internal.command.DbMigrate - Current version of schema "public": << Empty Schema >>
2025-12-08 09:46:15 [restartedMain] INFO  o.f.core.internal.command.DbMigrate - Schema "public" is up to date. No migration necessary.
2025-12-08 09:46:15 [restartedMain] INFO  o.h.jpa.internal.util.LogHelper - HHH000204: Processing PersistenceUnitInfo [name: default]
2025-12-08 09:46:15 [restartedMain] INFO  org.hibernate.Version - HHH000412: Hibernate ORM core version 6.6.33.Final
2025-12-08 09:46:15 [restartedMain] INFO  o.h.c.i.RegionFactoryInitiator - HHH000026: Second-level cache disabled
2025-12-08 09:46:16 [restartedMain] INFO  o.s.o.j.p.SpringPersistenceUnitInfo - No LoadTimeWeaver setup: ignoring JPA class transformer
2025-12-08 09:46:16 [restartedMain] WARN  org.hibernate.orm.deprecation - HHH90000025: PostgreSQLDialect does not need to be specified explicitly using 'hibernate.dialect' (remove the property setting and it will be selected by default)
2025-12-08 09:46:16 [restartedMain] INFO  o.hibernate.orm.connections.pooling - HHH10001005: Database info:
	Database JDBC URL [Connecting through datasource 'HikariDataSource (HikariPool-1)']
	Database driver: undefined/unknown
	Database version: 17.6
	Autocommit mode: undefined/unknown
	Isolation level: undefined/unknown
	Minimum pool size: undefined/unknown
	Maximum pool size: undefined/unknown
2025-12-08 09:46:17 [restartedMain] INFO  o.h.e.t.j.p.i.JtaPlatformInitiator - HHH000489: No JTA platform available (set 'hibernate.transaction.jta.platform' to enable JTA platform integration)
2025-12-08 09:46:18 [restartedMain] DEBUG org.hibernate.SQL - 
    create index idx_otp_telephone 
       on verification_otp (telephone)
2025-12-08 09:46:18 [restartedMain] WARN  o.h.t.s.i.ExceptionHandlerLoggedImpl - GenerationTarget encountered exception accepting command : Error executing DDL "
    create index idx_otp_telephone 
       on verification_otp (telephone)" via JDBC [ERROR: relation "idx_otp_telephone" already exists]
org.hibernate.tool.schema.spi.CommandAcceptanceException: Error executing DDL "
    create index idx_otp_telephone 
       on verification_otp (telephone)" via JDBC [ERROR: relation "idx_otp_telephone" already exists]
	at org.hibernate.tool.schema.internal.exec.GenerationTargetToDatabase.accept(GenerationTargetToDatabase.java:94)
	at org.hibernate.tool.schema.internal.AbstractSchemaMigrator.applySqlString(AbstractSchemaMigrator.java:576)
	at org.hibernate.tool.schema.internal.AbstractSchemaMigrator.applySqlStrings(AbstractSchemaMigrator.java:516)
	at org.hibernate.tool.schema.internal.AbstractSchemaMigrator.applyIndexes(AbstractSchemaMigrator.java:361)
	at org.hibernate.tool.schema.internal.GroupedSchemaMigratorImpl.performTablesMigration(GroupedSchemaMigratorImpl.java:96)
	at org.hibernate.tool.schema.internal.AbstractSchemaMigrator.performMigration(AbstractSchemaMigrator.java:233)
	at org.hibernate.tool.schema.internal.AbstractSchemaMigrator.doMigration(AbstractSchemaMigrator.java:112)
	at org.hibernate.tool.schema.spi.SchemaManagementToolCoordinator.performDatabaseAction(SchemaManagementToolCoordinator.java:280)
	at org.hibernate.tool.schema.spi.SchemaManagementToolCoordinator.lambda$process$5(SchemaManagementToolCoordinator.java:144)
	at java.base/java.util.HashMap.forEach(HashMap.java:1429)
	at org.hibernate.tool.schema.spi.SchemaManagementToolCoordinator.process(SchemaManagementToolCoordinator.java:141)
	at org.hibernate.boot.internal.SessionFactoryObserverForSchemaExport.sessionFactoryCreated(SessionFactoryObserverForSchemaExport.java:37)
	at org.hibernate.internal.SessionFactoryObserverChain.sessionFactoryCreated(SessionFactoryObserverChain.java:35)
	at org.hibernate.internal.SessionFactoryImpl.<init>(SessionFactoryImpl.java:324)
	at org.hibernate.boot.internal.SessionFactoryBuilderImpl.build(SessionFactoryBuilderImpl.java:463)
	at org.hibernate.jpa.boot.internal.EntityManagerFactoryBuilderImpl.build(EntityManagerFactoryBuilderImpl.java:1517)
	at org.springframework.orm.jpa.vendor.SpringHibernateJpaPersistenceProvider.createContainerEntityManagerFactory(SpringHibernateJpaPersistenceProvider.java:66)
	at org.springframework.orm.jpa.LocalContainerEntityManagerFactoryBean.createNativeEntityManagerFactory(LocalContainerEntityManagerFactoryBean.java:390)
	at org.springframework.orm.jpa.AbstractEntityManagerFactoryBean.buildNativeEntityManagerFactory(AbstractEntityManagerFactoryBean.java:419)
	at org.springframework.orm.jpa.AbstractEntityManagerFactoryBean.afterPropertiesSet(AbstractEntityManagerFactoryBean.java:400)
	at org.springframework.orm.jpa.LocalContainerEntityManagerFactoryBean.afterPropertiesSet(LocalContainerEntityManagerFactoryBean.java:366)
	at org.springframework.beans.factory.support.AbstractAutowireCapableBeanFactory.invokeInitMethods(AbstractAutowireCapableBeanFactory.java:1873)
	at org.springframework.beans.factory.support.AbstractAutowireCapableBeanFactory.initializeBean(AbstractAutowireCapableBeanFactory.java:1822)
	at org.springframework.beans.factory.support.AbstractAutowireCapableBeanFactory.doCreateBean(AbstractAutowireCapableBeanFactory.java:607)
	at org.springframework.beans.factory.support.AbstractAutowireCapableBeanFactory.createBean(AbstractAutowireCapableBeanFactory.java:529)
	at org.springframework.beans.factory.support.AbstractBeanFactory.lambda$doGetBean$0(AbstractBeanFactory.java:339)
	at org.springframework.beans.factory.support.DefaultSingletonBeanRegistry.getSingleton(DefaultSingletonBeanRegistry.java:373)
	at org.springframework.beans.factory.support.AbstractBeanFactory.doGetBean(AbstractBeanFactory.java:337)
	at org.springframework.beans.factory.support.AbstractBeanFactory.getBean(AbstractBeanFactory.java:207)
	at org.springframework.context.support.AbstractApplicationContext.finishBeanFactoryInitialization(AbstractApplicationContext.java:973)
	at org.springframework.context.support.AbstractApplicationContext.refresh(AbstractApplicationContext.java:627)
	at org.springframework.boot.web.servlet.context.ServletWebServerApplicationContext.refresh(ServletWebServerApplicationContext.java:146)
	at org.springframework.boot.SpringApplication.refresh(SpringApplication.java:752)
	at org.springframework.boot.SpringApplication.refreshContext(SpringApplication.java:439)
	at org.springframework.boot.SpringApplication.run(SpringApplication.java:318)
	at org.springframework.boot.SpringApplication.run(SpringApplication.java:1361)
	at org.springframework.boot.SpringApplication.run(SpringApplication.java:1350)
	at sn.sunufarmasi.SunuFarmasiApiApplication.main(SunuFarmasiApiApplication.java:37)
	at java.base/jdk.internal.reflect.DirectMethodHandleAccessor.invoke(DirectMethodHandleAccessor.java:103)
	at java.base/java.lang.reflect.Method.invoke(Method.java:580)
	at org.springframework.boot.devtools.restart.RestartLauncher.run(RestartLauncher.java:50)
Caused by: org.postgresql.util.PSQLException: ERROR: relation "idx_otp_telephone" already exists
	at org.postgresql.core.v3.QueryExecutorImpl.receiveErrorResponse(QueryExecutorImpl.java:2736)
	at org.postgresql.core.v3.QueryExecutorImpl.processResults(QueryExecutorImpl.java:2421)
	at org.postgresql.core.v3.QueryExecutorImpl.execute(QueryExecutorImpl.java:372)
	at org.postgresql.jdbc.PgStatement.executeInternal(PgStatement.java:525)
	at org.postgresql.jdbc.PgStatement.execute(PgStatement.java:435)
	at org.postgresql.jdbc.PgStatement.executeWithFlags(PgStatement.java:357)
	at org.postgresql.jdbc.PgStatement.executeCachedSql(PgStatement.java:342)
	at org.postgresql.jdbc.PgStatement.executeWithFlags(PgStatement.java:318)
	at org.postgresql.jdbc.PgStatement.execute(PgStatement.java:313)
	at com.zaxxer.hikari.pool.ProxyStatement.execute(ProxyStatement.java:95)
	at com.zaxxer.hikari.pool.HikariProxyStatement.execute(HikariProxyStatement.java)
	at org.hibernate.tool.schema.internal.exec.GenerationTargetToDatabase.accept(GenerationTargetToDatabase.java:80)
	... 40 common frames omitted
2025-12-08 09:46:18 [restartedMain] INFO  o.s.o.j.LocalContainerEntityManagerFactoryBean - Initialized JPA EntityManagerFactory for persistence unit 'default'
2025-12-08 09:46:18 [restartedMain] INFO  o.s.d.j.r.query.QueryEnhancerFactory - Hibernate is in classpath; If applicable, HQL parser will be used.
2025-12-08 09:46:21 [restartedMain] WARN  s.s.n.service.EmailService - ⚠️ EmailService initialisé sans JavaMailSender - Mode simulation
2025-12-08 09:46:21 [restartedMain] WARN  s.s.notification.service.SmsService - ⚠️ SmsService initialisé sans RestTemplate - Mode simulation
2025-12-08 09:46:22 [restartedMain] DEBUG o.s.w.s.m.m.a.RequestMappingHandlerMapping - 280 mappings in 'requestMappingHandlerMapping'
2025-12-08 09:46:22 [restartedMain] DEBUG o.s.w.s.h.SimpleUrlHandlerMapping - Patterns [/webjars/**, /**, /swagger-ui*/*swagger-initializer.js, /swagger-ui*/**] in 'resourceHandlerMapping'
2025-12-08 09:46:23 [restartedMain] INFO  o.s.b.a.e.web.EndpointLinksResolver - Exposing 3 endpoints beneath base path '/actuator'
2025-12-08 09:46:23 [restartedMain] DEBUG o.s.s.c.a.a.c.AuthenticationConfiguration$DefaultPasswordEncoderAuthenticationManagerBuilder - No authenticationProviders and no parentAuthenticationManager defined. Returning null.
2025-12-08 09:46:23 [restartedMain] DEBUG o.s.s.web.DefaultSecurityFilterChain - Will secure any request with filters: DisableEncodeUrlFilter, WebAsyncManagerIntegrationFilter, SecurityContextHolderFilter, HeaderWriterFilter, CorsFilter, LogoutFilter, JwtAuthenticationFilter, RequestCacheAwareFilter, SecurityContextHolderAwareRequestFilter, AnonymousAuthenticationFilter, SessionManagementFilter, ExceptionTranslationFilter, AuthorizationFilter
2025-12-08 09:46:23 [restartedMain] DEBUG o.s.w.s.m.m.a.RequestMappingHandlerAdapter - ControllerAdvice beans: 0 @ModelAttribute, 0 @InitBinder, 1 RequestBodyAdvice, 1 ResponseBodyAdvice
2025-12-08 09:46:23 [restartedMain] DEBUG o.s.w.s.m.m.a.ExceptionHandlerExceptionResolver - ControllerAdvice beans: 2 @ExceptionHandler, 1 ResponseBodyAdvice
2025-12-08 09:46:23 [restartedMain] INFO  o.s.b.a.h.H2ConsoleAutoConfiguration - H2 console available at '/h2-console'. Database available at 'jdbc:postgresql://localhost:5432/sunufarmasi-develop'
2025-12-08 09:46:23 [restartedMain] INFO  o.s.b.d.a.OptionalLiveReloadServer - LiveReload server is running on port 35729
2025-12-08 09:46:23 [restartedMain] INFO  o.s.b.w.e.tomcat.TomcatWebServer - Tomcat started on port 8080 (http) with context path '/'
2025-12-08 09:46:23 [restartedMain] INFO  s.s.SunuFarmasiApiApplication - Started SunuFarmasiApiApplication in 16.033 seconds (process running for 17.549)
2025-12-08 09:49:26 [http-nio-8080-exec-1] INFO  o.a.c.c.C.[Tomcat].[localhost].[/] - Initializing Spring DispatcherServlet 'dispatcherServlet'
2025-12-08 09:49:26 [http-nio-8080-exec-1] INFO  o.s.web.servlet.DispatcherServlet - Initializing Servlet 'dispatcherServlet'
2025-12-08 09:49:26 [http-nio-8080-exec-1] DEBUG o.s.web.servlet.DispatcherServlet - Detected StandardServletMultipartResolver
2025-12-08 09:49:26 [http-nio-8080-exec-1] DEBUG o.s.web.servlet.DispatcherServlet - Detected AcceptHeaderLocaleResolver
2025-12-08 09:49:26 [http-nio-8080-exec-1] DEBUG o.s.web.servlet.DispatcherServlet - Detected FixedThemeResolver
2025-12-08 09:49:26 [http-nio-8080-exec-1] DEBUG o.s.web.servlet.DispatcherServlet - Detected org.springframework.web.servlet.view.DefaultRequestToViewNameTranslator@2445d42e
2025-12-08 09:49:26 [http-nio-8080-exec-1] DEBUG o.s.web.servlet.DispatcherServlet - Detected org.springframework.web.servlet.support.SessionFlashMapManager@368330db
2025-12-08 09:49:26 [http-nio-8080-exec-1] DEBUG o.s.web.servlet.DispatcherServlet - enableLoggingRequestDetails='false': request parameters and headers will be masked to prevent unsafe logging of potentially sensitive data
2025-12-08 09:49:26 [http-nio-8080-exec-1] INFO  o.s.web.servlet.DispatcherServlet - Completed initialization in 0 ms
2025-12-08 09:49:26 [http-nio-8080-exec-1] DEBUG o.s.security.web.FilterChainProxy - Securing GET /swagger-ui/index.html
2025-12-08 09:49:27 [http-nio-8080-exec-1] DEBUG o.s.s.w.a.AnonymousAuthenticationFilter - Set SecurityContextHolder to anonymous SecurityContext
2025-12-08 09:49:27 [http-nio-8080-exec-1] DEBUG o.s.security.web.FilterChainProxy - Secured GET /swagger-ui/index.html
2025-12-08 09:49:27 [http-nio-8080-exec-1] DEBUG o.s.web.servlet.DispatcherServlet - GET "/swagger-ui/index.html", parameters={}
2025-12-08 09:49:27 [http-nio-8080-exec-1] DEBUG o.s.w.s.h.SimpleUrlHandlerMapping - Mapped to ResourceHttpRequestHandler [classpath [META-INF/resources/webjars/]]
2025-12-08 09:49:27 [http-nio-8080-exec-1] DEBUG o.s.web.servlet.DispatcherServlet - Completed 200 OK
2025-12-08 09:49:27 [http-nio-8080-exec-7] DEBUG o.s.security.web.FilterChainProxy - Securing GET /swagger-ui/index.css
2025-12-08 09:49:27 [http-nio-8080-exec-2] DEBUG o.s.security.web.FilterChainProxy - Securing GET /swagger-ui/swagger-ui-standalone-preset.js
2025-12-08 09:49:27 [http-nio-8080-exec-6] DEBUG o.s.security.web.FilterChainProxy - Securing GET /swagger-ui/swagger-initializer.js
2025-12-08 09:49:27 [http-nio-8080-exec-5] DEBUG o.s.security.web.FilterChainProxy - Securing GET /swagger-ui/swagger-ui-bundle.js
2025-12-08 09:49:27 [http-nio-8080-exec-4] DEBUG o.s.security.web.FilterChainProxy - Securing GET /swagger-ui/swagger-ui.css
2025-12-08 09:49:27 [http-nio-8080-exec-7] DEBUG o.s.s.w.a.AnonymousAuthenticationFilter - Set SecurityContextHolder to anonymous SecurityContext
2025-12-08 09:49:27 [http-nio-8080-exec-2] DEBUG o.s.s.w.a.AnonymousAuthenticationFilter - Set SecurityContextHolder to anonymous SecurityContext
2025-12-08 09:49:27 [http-nio-8080-exec-4] DEBUG o.s.s.w.a.AnonymousAuthenticationFilter - Set SecurityContextHolder to anonymous SecurityContext
2025-12-08 09:49:27 [http-nio-8080-exec-6] DEBUG o.s.s.w.a.AnonymousAuthenticationFilter - Set SecurityContextHolder to anonymous SecurityContext
2025-12-08 09:49:27 [http-nio-8080-exec-5] DEBUG o.s.s.w.a.AnonymousAuthenticationFilter - Set SecurityContextHolder to anonymous SecurityContext
2025-12-08 09:49:27 [http-nio-8080-exec-7] DEBUG o.s.security.web.FilterChainProxy - Secured GET /swagger-ui/index.css
2025-12-08 09:49:27 [http-nio-8080-exec-4] DEBUG o.s.security.web.FilterChainProxy - Secured GET /swagger-ui/swagger-ui.css
2025-12-08 09:49:27 [http-nio-8080-exec-2] DEBUG o.s.security.web.FilterChainProxy - Secured GET /swagger-ui/swagger-ui-standalone-preset.js
2025-12-08 09:49:27 [http-nio-8080-exec-6] DEBUG o.s.security.web.FilterChainProxy - Secured GET /swagger-ui/swagger-initializer.js
2025-12-08 09:49:27 [http-nio-8080-exec-7] DEBUG o.s.web.servlet.DispatcherServlet - GET "/swagger-ui/index.css", parameters={}
2025-12-08 09:49:27 [http-nio-8080-exec-6] DEBUG o.s.web.servlet.DispatcherServlet - GET "/swagger-ui/swagger-initializer.js", parameters={}
2025-12-08 09:49:27 [http-nio-8080-exec-4] DEBUG o.s.web.servlet.DispatcherServlet - GET "/swagger-ui/swagger-ui.css", parameters={}
2025-12-08 09:49:27 [http-nio-8080-exec-2] DEBUG o.s.web.servlet.DispatcherServlet - GET "/swagger-ui/swagger-ui-standalone-preset.js", parameters={}
2025-12-08 09:49:27 [http-nio-8080-exec-5] DEBUG o.s.security.web.FilterChainProxy - Secured GET /swagger-ui/swagger-ui-bundle.js
2025-12-08 09:49:27 [http-nio-8080-exec-5] DEBUG o.s.web.servlet.DispatcherServlet - GET "/swagger-ui/swagger-ui-bundle.js", parameters={}
2025-12-08 09:49:27 [http-nio-8080-exec-6] DEBUG o.s.w.s.h.SimpleUrlHandlerMapping - Mapped to ResourceHttpRequestHandler [classpath [META-INF/resources/webjars/]]
2025-12-08 09:49:27 [http-nio-8080-exec-7] DEBUG o.s.w.s.h.SimpleUrlHandlerMapping - Mapped to ResourceHttpRequestHandler [classpath [META-INF/resources/webjars/]]
2025-12-08 09:49:27 [http-nio-8080-exec-4] DEBUG o.s.w.s.h.SimpleUrlHandlerMapping - Mapped to ResourceHttpRequestHandler [classpath [META-INF/resources/webjars/]]
2025-12-08 09:49:27 [http-nio-8080-exec-2] DEBUG o.s.w.s.h.SimpleUrlHandlerMapping - Mapped to ResourceHttpRequestHandler [classpath [META-INF/resources/webjars/]]
2025-12-08 09:49:27 [http-nio-8080-exec-5] DEBUG o.s.w.s.h.SimpleUrlHandlerMapping - Mapped to ResourceHttpRequestHandler [classpath [META-INF/resources/webjars/]]
2025-12-08 09:49:27 [http-nio-8080-exec-7] DEBUG o.s.web.servlet.DispatcherServlet - Completed 200 OK
2025-12-08 09:49:27 [http-nio-8080-exec-4] DEBUG o.s.web.servlet.DispatcherServlet - Completed 200 OK
2025-12-08 09:49:27 [http-nio-8080-exec-2] DEBUG o.s.web.servlet.DispatcherServlet - Completed 200 OK
2025-12-08 09:49:27 [http-nio-8080-exec-5] DEBUG o.s.web.servlet.DispatcherServlet - Completed 200 OK
2025-12-08 09:49:27 [http-nio-8080-exec-6] DEBUG o.s.web.servlet.DispatcherServlet - Completed 200 OK
2025-12-08 09:49:27 [http-nio-8080-exec-3] DEBUG o.s.security.web.FilterChainProxy - Securing GET /swagger-ui/favicon-32x32.png
2025-12-08 09:49:27 [http-nio-8080-exec-3] DEBUG o.s.s.w.a.AnonymousAuthenticationFilter - Set SecurityContextHolder to anonymous SecurityContext
2025-12-08 09:49:27 [http-nio-8080-exec-3] DEBUG o.s.security.web.FilterChainProxy - Secured GET /swagger-ui/favicon-32x32.png
2025-12-08 09:49:27 [http-nio-8080-exec-3] DEBUG o.s.web.servlet.DispatcherServlet - GET "/swagger-ui/favicon-32x32.png", parameters={}
2025-12-08 09:49:27 [http-nio-8080-exec-3] DEBUG o.s.w.s.h.SimpleUrlHandlerMapping - Mapped to ResourceHttpRequestHandler [classpath [META-INF/resources/webjars/]]
2025-12-08 09:49:27 [http-nio-8080-exec-8] DEBUG o.s.security.web.FilterChainProxy - Securing GET /api-docs/swagger-config
2025-12-08 09:49:27 [http-nio-8080-exec-3] DEBUG o.s.web.servlet.DispatcherServlet - Completed 200 OK
2025-12-08 09:49:27 [http-nio-8080-exec-8] DEBUG o.s.s.w.a.AnonymousAuthenticationFilter - Set SecurityContextHolder to anonymous SecurityContext
2025-12-08 09:49:27 [http-nio-8080-exec-8] DEBUG o.s.security.web.FilterChainProxy - Secured GET /api-docs/swagger-config
2025-12-08 09:49:27 [http-nio-8080-exec-8] DEBUG o.s.web.servlet.DispatcherServlet - GET "/api-docs/swagger-config", parameters={}
2025-12-08 09:49:27 [http-nio-8080-exec-8] DEBUG o.s.w.s.m.m.a.RequestMappingHandlerMapping - Mapped to org.springdoc.webmvc.ui.SwaggerConfigResource#openapiJson(HttpServletRequest)
2025-12-08 09:49:27 [http-nio-8080-exec-8] DEBUG o.s.w.s.m.m.a.RequestResponseBodyMethodProcessor - Using 'application/json', given [*/*] and supported [application/json]
2025-12-08 09:49:27 [http-nio-8080-exec-8] DEBUG o.s.w.s.m.m.a.RequestResponseBodyMethodProcessor - Writing [{configUrl=/api-docs/swagger-config, displayOperationId=true, displayRequestDuration=true, oauth2Red (truncated)...]
2025-12-08 09:49:27 [http-nio-8080-exec-8] DEBUG o.s.web.servlet.DispatcherServlet - Completed 200 OK
2025-12-08 09:49:27 [http-nio-8080-exec-10] DEBUG o.s.security.web.FilterChainProxy - Securing GET /api-docs
2025-12-08 09:49:27 [http-nio-8080-exec-10] DEBUG o.s.s.w.a.AnonymousAuthenticationFilter - Set SecurityContextHolder to anonymous SecurityContext
2025-12-08 09:49:27 [http-nio-8080-exec-10] DEBUG o.s.security.web.FilterChainProxy - Secured GET /api-docs
2025-12-08 09:49:27 [http-nio-8080-exec-10] DEBUG o.s.web.servlet.DispatcherServlet - GET "/api-docs", parameters={}
2025-12-08 09:49:27 [http-nio-8080-exec-10] DEBUG o.s.w.s.m.m.a.RequestMappingHandlerMapping - Mapped to org.springdoc.webmvc.api.OpenApiWebMvcResource#openapiJson(HttpServletRequest, String, Locale)
2025-12-08 09:49:34 [http-nio-8080-exec-10] INFO  o.s.api.AbstractOpenApiResource - Init duration for springdoc-openapi is: 6556 ms
2025-12-08 09:49:34 [http-nio-8080-exec-10] DEBUG o.s.w.s.m.m.a.RequestResponseBodyMethodProcessor - Using 'application/json', given [application/json, */*] and supported [application/json]
2025-12-08 09:49:34 [http-nio-8080-exec-10] DEBUG o.s.w.s.m.m.a.RequestResponseBodyMethodProcessor - Writing [{123, 34, 111, 112, 101, 110, 97, 112, 105, 34, 58, 34, 51, 46, 49, 46, 48, 34, 44, 34, 105, 110, 10 (truncated)...]
2025-12-08 09:49:34 [http-nio-8080-exec-10] DEBUG o.s.web.servlet.DispatcherServlet - Completed 200 OK
2025-12-08 09:50:53 [http-nio-8080-exec-5] DEBUG o.s.security.web.FilterChainProxy - Securing GET /api/v1/public/pharmacies/commune/e265bbe4-098f-455c-bc2d-4fe9a7d4d236
2025-12-08 09:50:53 [http-nio-8080-exec-5] DEBUG o.s.s.w.a.AnonymousAuthenticationFilter - Set SecurityContextHolder to anonymous SecurityContext
2025-12-08 09:50:53 [http-nio-8080-exec-5] DEBUG o.s.security.web.FilterChainProxy - Secured GET /api/v1/public/pharmacies/commune/e265bbe4-098f-455c-bc2d-4fe9a7d4d236
2025-12-08 09:50:53 [http-nio-8080-exec-5] DEBUG o.s.web.servlet.DispatcherServlet - GET "/api/v1/public/pharmacies/commune/e265bbe4-098f-455c-bc2d-4fe9a7d4d236", parameters={}
2025-12-08 09:50:53 [http-nio-8080-exec-5] DEBUG o.s.w.s.m.m.a.RequestMappingHandlerMapping - Mapped to sn.sunufarmasi.shared.controller.PublicApiController#getPharmaciesByCommune(UUID)
2025-12-08 09:50:53 [http-nio-8080-exec-5] INFO  s.s.s.controller.PublicApiController - GET /api/v1/public/pharmacies/commune/e265bbe4-098f-455c-bc2d-4fe9a7d4d236
2025-12-08 09:50:53 [http-nio-8080-exec-5] DEBUG org.hibernate.SQL - 
    /* <criteria> */ select
        p1_0.id,
        p1_0.accepte_commandes,
        p1_0.adresse_complete,
        p1_0.agrement_ministere_url,
        p1_0.assurance_url,
        p1_0.code,
        p1_0.commune_id,
        p1_0.created_at,
        p1_0.date_ouverture,
        p1_0.date_validation,
        p1_0.email,
        p1_0.horaires,
        p1_0.latitude,
        p1_0.lien_google_maps,
        p1_0.logo_url,
        p1_0.longitude,
        p1_0.motif_rejet,
        p1_0.nom,
        p1_0.notifications_actives,
        p1_0.numero_agrement_ministere,
        p1_0.numero_ordre,
        p1_0.pharmacien_proprietaire_id,
        p1_0.photo_facade_url,
        p1_0.photos_interieures_urls,
        p1_0.propose_livraison,
        p1_0.quartier,
        p1_0.raison_sociale,
        p1_0.rayon_livraison_km,
        p1_0.registre_commerce_url,
        p1_0.site_web,
        p1_0.statut,
        p1_0.syndicat_id,
        p1_0.telephone,
        p1_0.telephone_secondaire,
        p1_0.updated_at,
        p1_0.valide_par_id,
        p1_0.valide_par_nom 
    from
        pharmacies p1_0 
    left join
        communes c1_0 
            on c1_0.id=p1_0.commune_id 
    where
        c1_0.id=? 
        and p1_0.statut=?
2025-12-08 09:50:54 [http-nio-8080-exec-5] DEBUG org.hibernate.SQL - 
    select
        c1_0.id,
        c1_0.actif,
        c1_0.altitude,
        c1_0.arrondissement,
        c1_0.code,
        c1_0.code_postal,
        c1_0.created_at,
        c1_0.departement_id,
        c1_0.latitude,
        c1_0.longitude,
        c1_0.nom,
        c1_0.ordre,
        c1_0.population,
        c1_0.superficie,
        c1_0.type_commune,
        c1_0.updated_at,
        c1_0.zone_urbaine 
    from
        communes c1_0 
    where
        c1_0.id=?
2025-12-08 09:50:54 [http-nio-8080-exec-5] DEBUG org.hibernate.SQL - 
    select
        d1_0.id,
        d1_0.actif,
        d1_0.chef_lieu,
        d1_0.code,
        d1_0.created_at,
        d1_0.latitude,
        d1_0.longitude,
        d1_0.nom,
        d1_0.ordre,
        d1_0.population,
        d1_0.region_id,
        d1_0.superficie,
        d1_0.updated_at 
    from
        departements d1_0 
    where
        d1_0.id=?
2025-12-08 09:50:54 [http-nio-8080-exec-5] DEBUG org.hibernate.SQL - 
    select
        r1_0.id,
        r1_0.actif,
        r1_0.chef_lieu,
        r1_0.code,
        r1_0.created_at,
        r1_0.latitude,
        r1_0.longitude,
        r1_0.nom,
        r1_0.ordre,
        r1_0.pays_id,
        r1_0.population,
        r1_0.superficie,
        r1_0.updated_at 
    from
        regions r1_0 
    where
        r1_0.id=?
2025-12-08 09:50:54 [http-nio-8080-exec-5] DEBUG org.hibernate.SQL - 
    select
        p1_0.id,
        p1_0.actif,
        p1_0.annee_diplome,
        p1_0.carte_ordre_url,
        p1_0.cin_url,
        p1_0.compte_verifie,
        p1_0.created_at,
        p1_0.date_debut_abonnement,
        p1_0.date_debut_essai,
        p1_0.date_dernier_paiement,
        p1_0.date_fin_abonnement,
        p1_0.date_fin_essai,
        p1_0.date_naissance,
        p1_0.date_verification_compte,
        p1_0.derniere_connexion,
        p1_0.diplome_url,
        p1_0.email,
        p1_0.essai_gratuit,
        p1_0.montant_mensuel,
        p1_0.mot_de_passe_hash,
        p1_0.nom,
        p1_0.nombre_employes_max,
        p1_0.nombre_pharmacies_actuelles,
        p1_0.nombre_pharmacies_max,
        p1_0.notifications_email,
        p1_0.notifications_push,
        p1_0.notifications_sms,
        p1_0.numero_ordre_national,
        p1_0.photo_url,
        p1_0.plan,
        p1_0.prenom,
        p1_0.prochain_paiement,
        p1_0.renouvellement_automatique,
        p1_0.sexe,
        p1_0.statut_abonnement,
        p1_0.telephone,
        p1_0.type,
        p1_0.universite_formation,
        p1_0.updated_at,
        p1_0.valide_par_ordre 
    from
        pharmaciens p1_0 
    where
        p1_0.id=?
2025-12-08 09:50:54 [http-nio-8080-exec-5] DEBUG org.hibernate.SQL - 
    select
        p1_0.id,
        p1_0.actif,
        p1_0.annee_diplome,
        p1_0.carte_ordre_url,
        p1_0.cin_url,
        p1_0.compte_verifie,
        p1_0.created_at,
        p1_0.date_debut_abonnement,
        p1_0.date_debut_essai,
        p1_0.date_dernier_paiement,
        p1_0.date_fin_abonnement,
        p1_0.date_fin_essai,
        p1_0.date_naissance,
        p1_0.date_verification_compte,
        p1_0.derniere_connexion,
        p1_0.diplome_url,
        p1_0.email,
        p1_0.essai_gratuit,
        p1_0.montant_mensuel,
        p1_0.mot_de_passe_hash,
        p1_0.nom,
        p1_0.nombre_employes_max,
        p1_0.nombre_pharmacies_actuelles,
        p1_0.nombre_pharmacies_max,
        p1_0.notifications_email,
        p1_0.notifications_push,
        p1_0.notifications_sms,
        p1_0.numero_ordre_national,
        p1_0.photo_url,
        p1_0.plan,
        p1_0.prenom,
        p1_0.prochain_paiement,
        p1_0.renouvellement_automatique,
        p1_0.sexe,
        p1_0.statut_abonnement,
        p1_0.telephone,
        p1_0.type,
        p1_0.universite_formation,
        p1_0.updated_at,
        p1_0.valide_par_ordre 
    from
        pharmaciens p1_0 
    where
        p1_0.id=?
2025-12-08 09:50:54 [http-nio-8080-exec-5] DEBUG org.hibernate.SQL - 
    select
        p1_0.id,
        p1_0.actif,
        p1_0.annee_diplome,
        p1_0.carte_ordre_url,
        p1_0.cin_url,
        p1_0.compte_verifie,
        p1_0.created_at,
        p1_0.date_debut_abonnement,
        p1_0.date_debut_essai,
        p1_0.date_dernier_paiement,
        p1_0.date_fin_abonnement,
        p1_0.date_fin_essai,
        p1_0.date_naissance,
        p1_0.date_verification_compte,
        p1_0.derniere_connexion,
        p1_0.diplome_url,
        p1_0.email,
        p1_0.essai_gratuit,
        p1_0.montant_mensuel,
        p1_0.mot_de_passe_hash,
        p1_0.nom,
        p1_0.nombre_employes_max,
        p1_0.nombre_pharmacies_actuelles,
        p1_0.nombre_pharmacies_max,
        p1_0.notifications_email,
        p1_0.notifications_push,
        p1_0.notifications_sms,
        p1_0.numero_ordre_national,
        p1_0.photo_url,
        p1_0.plan,
        p1_0.prenom,
        p1_0.prochain_paiement,
        p1_0.renouvellement_automatique,
        p1_0.sexe,
        p1_0.statut_abonnement,
        p1_0.telephone,
        p1_0.type,
        p1_0.universite_formation,
        p1_0.updated_at,
        p1_0.valide_par_ordre 
    from
        pharmaciens p1_0 
    where
        p1_0.id=?
2025-12-08 09:50:54 [http-nio-8080-exec-5] DEBUG org.hibernate.SQL - 
    select
        p1_0.id,
        p1_0.actif,
        p1_0.annee_diplome,
        p1_0.carte_ordre_url,
        p1_0.cin_url,
        p1_0.compte_verifie,
        p1_0.created_at,
        p1_0.date_debut_abonnement,
        p1_0.date_debut_essai,
        p1_0.date_dernier_paiement,
        p1_0.date_fin_abonnement,
        p1_0.date_fin_essai,
        p1_0.date_naissance,
        p1_0.date_verification_compte,
        p1_0.derniere_connexion,
        p1_0.diplome_url,
        p1_0.email,
        p1_0.essai_gratuit,
        p1_0.montant_mensuel,
        p1_0.mot_de_passe_hash,
        p1_0.nom,
        p1_0.nombre_employes_max,
        p1_0.nombre_pharmacies_actuelles,
        p1_0.nombre_pharmacies_max,
        p1_0.notifications_email,
        p1_0.notifications_push,
        p1_0.notifications_sms,
        p1_0.numero_ordre_national,
        p1_0.photo_url,
        p1_0.plan,
        p1_0.prenom,
        p1_0.prochain_paiement,
        p1_0.renouvellement_automatique,
        p1_0.sexe,
        p1_0.statut_abonnement,
        p1_0.telephone,
        p1_0.type,
        p1_0.universite_formation,
        p1_0.updated_at,
        p1_0.valide_par_ordre 
    from
        pharmaciens p1_0 
    where
        p1_0.id=?
2025-12-08 09:50:54 [http-nio-8080-exec-5] DEBUG org.hibernate.SQL - 
    select
        p1_0.id,
        p1_0.actif,
        p1_0.annee_diplome,
        p1_0.carte_ordre_url,
        p1_0.cin_url,
        p1_0.compte_verifie,
        p1_0.created_at,
        p1_0.date_debut_abonnement,
        p1_0.date_debut_essai,
        p1_0.date_dernier_paiement,
        p1_0.date_fin_abonnement,
        p1_0.date_fin_essai,
        p1_0.date_naissance,
        p1_0.date_verification_compte,
        p1_0.derniere_connexion,
        p1_0.diplome_url,
        p1_0.email,
        p1_0.essai_gratuit,
        p1_0.montant_mensuel,
        p1_0.mot_de_passe_hash,
        p1_0.nom,
        p1_0.nombre_employes_max,
        p1_0.nombre_pharmacies_actuelles,
        p1_0.nombre_pharmacies_max,
        p1_0.notifications_email,
        p1_0.notifications_push,
        p1_0.notifications_sms,
        p1_0.numero_ordre_national,
        p1_0.photo_url,
        p1_0.plan,
        p1_0.prenom,
        p1_0.prochain_paiement,
        p1_0.renouvellement_automatique,
        p1_0.sexe,
        p1_0.statut_abonnement,
        p1_0.telephone,
        p1_0.type,
        p1_0.universite_formation,
        p1_0.updated_at,
        p1_0.valide_par_ordre 
    from
        pharmaciens p1_0 
    where
        p1_0.id=?
2025-12-08 09:50:54 [http-nio-8080-exec-5] DEBUG org.hibernate.SQL - 
    select
        p1_0.id,
        p1_0.actif,
        p1_0.annee_diplome,
        p1_0.carte_ordre_url,
        p1_0.cin_url,
        p1_0.compte_verifie,
        p1_0.created_at,
        p1_0.date_debut_abonnement,
        p1_0.date_debut_essai,
        p1_0.date_dernier_paiement,
        p1_0.date_fin_abonnement,
        p1_0.date_fin_essai,
        p1_0.date_naissance,
        p1_0.date_verification_compte,
        p1_0.derniere_connexion,
        p1_0.diplome_url,
        p1_0.email,
        p1_0.essai_gratuit,
        p1_0.montant_mensuel,
        p1_0.mot_de_passe_hash,
        p1_0.nom,
        p1_0.nombre_employes_max,
        p1_0.nombre_pharmacies_actuelles,
        p1_0.nombre_pharmacies_max,
        p1_0.notifications_email,
        p1_0.notifications_push,
        p1_0.notifications_sms,
        p1_0.numero_ordre_national,
        p1_0.photo_url,
        p1_0.plan,
        p1_0.prenom,
        p1_0.prochain_paiement,
        p1_0.renouvellement_automatique,
        p1_0.sexe,
        p1_0.statut_abonnement,
        p1_0.telephone,
        p1_0.type,
        p1_0.universite_formation,
        p1_0.updated_at,
        p1_0.valide_par_ordre 
    from
        pharmaciens p1_0 
    where
        p1_0.id=?
2025-12-08 09:50:54 [http-nio-8080-exec-5] DEBUG org.hibernate.SQL - 
    select
        p1_0.id,
        p1_0.actif,
        p1_0.annee_diplome,
        p1_0.carte_ordre_url,
        p1_0.cin_url,
        p1_0.compte_verifie,
        p1_0.created_at,
        p1_0.date_debut_abonnement,
        p1_0.date_debut_essai,
        p1_0.date_dernier_paiement,
        p1_0.date_fin_abonnement,
        p1_0.date_fin_essai,
        p1_0.date_naissance,
        p1_0.date_verification_compte,
        p1_0.derniere_connexion,
        p1_0.diplome_url,
        p1_0.email,
        p1_0.essai_gratuit,
        p1_0.montant_mensuel,
        p1_0.mot_de_passe_hash,
        p1_0.nom,
        p1_0.nombre_employes_max,
        p1_0.nombre_pharmacies_actuelles,
        p1_0.nombre_pharmacies_max,
        p1_0.notifications_email,
        p1_0.notifications_push,
        p1_0.notifications_sms,
        p1_0.numero_ordre_national,
        p1_0.photo_url,
        p1_0.plan,
        p1_0.prenom,
        p1_0.prochain_paiement,
        p1_0.renouvellement_automatique,
        p1_0.sexe,
        p1_0.statut_abonnement,
        p1_0.telephone,
        p1_0.type,
        p1_0.universite_formation,
        p1_0.updated_at,
        p1_0.valide_par_ordre 
    from
        pharmaciens p1_0 
    where
        p1_0.id=?
2025-12-08 09:50:54 [http-nio-8080-exec-5] DEBUG org.hibernate.SQL - 
    select
        p1_0.id,
        p1_0.actif,
        p1_0.annee_diplome,
        p1_0.carte_ordre_url,
        p1_0.cin_url,
        p1_0.compte_verifie,
        p1_0.created_at,
        p1_0.date_debut_abonnement,
        p1_0.date_debut_essai,
        p1_0.date_dernier_paiement,
        p1_0.date_fin_abonnement,
        p1_0.date_fin_essai,
        p1_0.date_naissance,
        p1_0.date_verification_compte,
        p1_0.derniere_connexion,
        p1_0.diplome_url,
        p1_0.email,
        p1_0.essai_gratuit,
        p1_0.montant_mensuel,
        p1_0.mot_de_passe_hash,
        p1_0.nom,
        p1_0.nombre_employes_max,
        p1_0.nombre_pharmacies_actuelles,
        p1_0.nombre_pharmacies_max,
        p1_0.notifications_email,
        p1_0.notifications_push,
        p1_0.notifications_sms,
        p1_0.numero_ordre_national,
        p1_0.photo_url,
        p1_0.plan,
        p1_0.prenom,
        p1_0.prochain_paiement,
        p1_0.renouvellement_automatique,
        p1_0.sexe,
        p1_0.statut_abonnement,
        p1_0.telephone,
        p1_0.type,
        p1_0.universite_formation,
        p1_0.updated_at,
        p1_0.valide_par_ordre 
    from
        pharmaciens p1_0 
    where
        p1_0.id=?
2025-12-08 09:50:54 [http-nio-8080-exec-5] DEBUG org.hibernate.SQL - 
    select
        p1_0.id,
        p1_0.actif,
        p1_0.annee_diplome,
        p1_0.carte_ordre_url,
        p1_0.cin_url,
        p1_0.compte_verifie,
        p1_0.created_at,
        p1_0.date_debut_abonnement,
        p1_0.date_debut_essai,
        p1_0.date_dernier_paiement,
        p1_0.date_fin_abonnement,
        p1_0.date_fin_essai,
        p1_0.date_naissance,
        p1_0.date_verification_compte,
        p1_0.derniere_connexion,
        p1_0.diplome_url,
        p1_0.email,
        p1_0.essai_gratuit,
        p1_0.montant_mensuel,
        p1_0.mot_de_passe_hash,
        p1_0.nom,
        p1_0.nombre_employes_max,
        p1_0.nombre_pharmacies_actuelles,
        p1_0.nombre_pharmacies_max,
        p1_0.notifications_email,
        p1_0.notifications_push,
        p1_0.notifications_sms,
        p1_0.numero_ordre_national,
        p1_0.photo_url,
        p1_0.plan,
        p1_0.prenom,
        p1_0.prochain_paiement,
        p1_0.renouvellement_automatique,
        p1_0.sexe,
        p1_0.statut_abonnement,
        p1_0.telephone,
        p1_0.type,
        p1_0.universite_formation,
        p1_0.updated_at,
        p1_0.valide_par_ordre 
    from
        pharmaciens p1_0 
    where
        p1_0.id=?
2025-12-08 09:50:54 [http-nio-8080-exec-5] DEBUG org.hibernate.SQL - 
    select
        p1_0.id,
        p1_0.actif,
        p1_0.annee_diplome,
        p1_0.carte_ordre_url,
        p1_0.cin_url,
        p1_0.compte_verifie,
        p1_0.created_at,
        p1_0.date_debut_abonnement,
        p1_0.date_debut_essai,
        p1_0.date_dernier_paiement,
        p1_0.date_fin_abonnement,
        p1_0.date_fin_essai,
        p1_0.date_naissance,
        p1_0.date_verification_compte,
        p1_0.derniere_connexion,
        p1_0.diplome_url,
        p1_0.email,
        p1_0.essai_gratuit,
        p1_0.montant_mensuel,
        p1_0.mot_de_passe_hash,
        p1_0.nom,
        p1_0.nombre_employes_max,
        p1_0.nombre_pharmacies_actuelles,
        p1_0.nombre_pharmacies_max,
        p1_0.notifications_email,
        p1_0.notifications_push,
        p1_0.notifications_sms,
        p1_0.numero_ordre_national,
        p1_0.photo_url,
        p1_0.plan,
        p1_0.prenom,
        p1_0.prochain_paiement,
        p1_0.renouvellement_automatique,
        p1_0.sexe,
        p1_0.statut_abonnement,
        p1_0.telephone,
        p1_0.type,
        p1_0.universite_formation,
        p1_0.updated_at,
        p1_0.valide_par_ordre 
    from
        pharmaciens p1_0 
    where
        p1_0.id=?
2025-12-08 09:50:54 [http-nio-8080-exec-5] DEBUG org.hibernate.SQL - 
    select
        p1_0.id,
        p1_0.actif,
        p1_0.annee_diplome,
        p1_0.carte_ordre_url,
        p1_0.cin_url,
        p1_0.compte_verifie,
        p1_0.created_at,
        p1_0.date_debut_abonnement,
        p1_0.date_debut_essai,
        p1_0.date_dernier_paiement,
        p1_0.date_fin_abonnement,
        p1_0.date_fin_essai,
        p1_0.date_naissance,
        p1_0.date_verification_compte,
        p1_0.derniere_connexion,
        p1_0.diplome_url,
        p1_0.email,
        p1_0.essai_gratuit,
        p1_0.montant_mensuel,
        p1_0.mot_de_passe_hash,
        p1_0.nom,
        p1_0.nombre_employes_max,
        p1_0.nombre_pharmacies_actuelles,
        p1_0.nombre_pharmacies_max,
        p1_0.notifications_email,
        p1_0.notifications_push,
        p1_0.notifications_sms,
        p1_0.numero_ordre_national,
        p1_0.photo_url,
        p1_0.plan,
        p1_0.prenom,
        p1_0.prochain_paiement,
        p1_0.renouvellement_automatique,
        p1_0.sexe,
        p1_0.statut_abonnement,
        p1_0.telephone,
        p1_0.type,
        p1_0.universite_formation,
        p1_0.updated_at,
        p1_0.valide_par_ordre 
    from
        pharmaciens p1_0 
    where
        p1_0.id=?
2025-12-08 09:50:54 [http-nio-8080-exec-5] DEBUG o.s.w.s.m.m.a.HttpEntityMethodProcessor - Using 'application/json', given [*/*] and supported [application/json, application/*+json, application/yaml]
2025-12-08 09:50:54 [http-nio-8080-exec-5] DEBUG o.s.w.s.m.m.a.HttpEntityMethodProcessor - Writing [ApiResponse[success=true, message=Pharmacies de la commune (11), data=[{id=2f4d797e-802b-4eaf-8946-3 (truncated)...]
2025-12-08 09:50:54 [http-nio-8080-exec-5] DEBUG o.s.web.servlet.DispatcherServlet - Completed 200 OK
2025-12-08 09:51:29 [http-nio-8080-exec-6] DEBUG o.s.security.web.FilterChainProxy - Securing GET /api/v1/public/pharmacies/commune/4eeb7a49-aa53-44f6-8b0a-9a93b8a4687c
2025-12-08 09:51:29 [http-nio-8080-exec-6] DEBUG o.s.s.w.a.AnonymousAuthenticationFilter - Set SecurityContextHolder to anonymous SecurityContext
2025-12-08 09:51:29 [http-nio-8080-exec-6] DEBUG o.s.security.web.FilterChainProxy - Secured GET /api/v1/public/pharmacies/commune/4eeb7a49-aa53-44f6-8b0a-9a93b8a4687c
2025-12-08 09:51:29 [http-nio-8080-exec-6] DEBUG o.s.web.servlet.DispatcherServlet - GET "/api/v1/public/pharmacies/commune/4eeb7a49-aa53-44f6-8b0a-9a93b8a4687c", parameters={}
2025-12-08 09:51:29 [http-nio-8080-exec-6] DEBUG o.s.w.s.m.m.a.RequestMappingHandlerMapping - Mapped to sn.sunufarmasi.shared.controller.PublicApiController#getPharmaciesByCommune(UUID)
2025-12-08 09:51:29 [http-nio-8080-exec-6] INFO  s.s.s.controller.PublicApiController - GET /api/v1/public/pharmacies/commune/4eeb7a49-aa53-44f6-8b0a-9a93b8a4687c
2025-12-08 09:51:29 [http-nio-8080-exec-6] DEBUG org.hibernate.SQL - 
    /* <criteria> */ select
        p1_0.id,
        p1_0.accepte_commandes,
        p1_0.adresse_complete,
        p1_0.agrement_ministere_url,
        p1_0.assurance_url,
        p1_0.code,
        p1_0.commune_id,
        p1_0.created_at,
        p1_0.date_ouverture,
        p1_0.date_validation,
        p1_0.email,
        p1_0.horaires,
        p1_0.latitude,
        p1_0.lien_google_maps,
        p1_0.logo_url,
        p1_0.longitude,
        p1_0.motif_rejet,
        p1_0.nom,
        p1_0.notifications_actives,
        p1_0.numero_agrement_ministere,
        p1_0.numero_ordre,
        p1_0.pharmacien_proprietaire_id,
        p1_0.photo_facade_url,
        p1_0.photos_interieures_urls,
        p1_0.propose_livraison,
        p1_0.quartier,
        p1_0.raison_sociale,
        p1_0.rayon_livraison_km,
        p1_0.registre_commerce_url,
        p1_0.site_web,
        p1_0.statut,
        p1_0.syndicat_id,
        p1_0.telephone,
        p1_0.telephone_secondaire,
        p1_0.updated_at,
        p1_0.valide_par_id,
        p1_0.valide_par_nom 
    from
        pharmacies p1_0 
    left join
        communes c1_0 
            on c1_0.id=p1_0.commune_id 
    where
        c1_0.id=? 
        and p1_0.statut=?
2025-12-08 09:51:29 [http-nio-8080-exec-6] DEBUG org.hibernate.SQL - 
    select
        c1_0.id,
        c1_0.actif,
        c1_0.altitude,
        c1_0.arrondissement,
        c1_0.code,
        c1_0.code_postal,
        c1_0.created_at,
        c1_0.departement_id,
        c1_0.latitude,
        c1_0.longitude,
        c1_0.nom,
        c1_0.ordre,
        c1_0.population,
        c1_0.superficie,
        c1_0.type_commune,
        c1_0.updated_at,
        c1_0.zone_urbaine 
    from
        communes c1_0 
    where
        c1_0.id=?
2025-12-08 09:51:29 [http-nio-8080-exec-6] DEBUG org.hibernate.SQL - 
    select
        d1_0.id,
        d1_0.actif,
        d1_0.chef_lieu,
        d1_0.code,
        d1_0.created_at,
        d1_0.latitude,
        d1_0.longitude,
        d1_0.nom,
        d1_0.ordre,
        d1_0.population,
        d1_0.region_id,
        d1_0.superficie,
        d1_0.updated_at 
    from
        departements d1_0 
    where
        d1_0.id=?
2025-12-08 09:51:29 [http-nio-8080-exec-6] DEBUG org.hibernate.SQL - 
    select
        r1_0.id,
        r1_0.actif,
        r1_0.chef_lieu,
        r1_0.code,
        r1_0.created_at,
        r1_0.latitude,
        r1_0.longitude,
        r1_0.nom,
        r1_0.ordre,
        r1_0.pays_id,
        r1_0.population,
        r1_0.superficie,
        r1_0.updated_at 
    from
        regions r1_0 
    where
        r1_0.id=?
2025-12-08 09:51:29 [http-nio-8080-exec-6] DEBUG org.hibernate.SQL - 
    select
        p1_0.id,
        p1_0.actif,
        p1_0.annee_diplome,
        p1_0.carte_ordre_url,
        p1_0.cin_url,
        p1_0.compte_verifie,
        p1_0.created_at,
        p1_0.date_debut_abonnement,
        p1_0.date_debut_essai,
        p1_0.date_dernier_paiement,
        p1_0.date_fin_abonnement,
        p1_0.date_fin_essai,
        p1_0.date_naissance,
        p1_0.date_verification_compte,
        p1_0.derniere_connexion,
        p1_0.diplome_url,
        p1_0.email,
        p1_0.essai_gratuit,
        p1_0.montant_mensuel,
        p1_0.mot_de_passe_hash,
        p1_0.nom,
        p1_0.nombre_employes_max,
        p1_0.nombre_pharmacies_actuelles,
        p1_0.nombre_pharmacies_max,
        p1_0.notifications_email,
        p1_0.notifications_push,
        p1_0.notifications_sms,
        p1_0.numero_ordre_national,
        p1_0.photo_url,
        p1_0.plan,
        p1_0.prenom,
        p1_0.prochain_paiement,
        p1_0.renouvellement_automatique,
        p1_0.sexe,
        p1_0.statut_abonnement,
        p1_0.telephone,
        p1_0.type,
        p1_0.universite_formation,
        p1_0.updated_at,
        p1_0.valide_par_ordre 
    from
        pharmaciens p1_0 
    where
        p1_0.id=?
2025-12-08 09:51:29 [http-nio-8080-exec-6] DEBUG org.hibernate.SQL - 
    select
        p1_0.id,
        p1_0.actif,
        p1_0.annee_diplome,
        p1_0.carte_ordre_url,
        p1_0.cin_url,
        p1_0.compte_verifie,
        p1_0.created_at,
        p1_0.date_debut_abonnement,
        p1_0.date_debut_essai,
        p1_0.date_dernier_paiement,
        p1_0.date_fin_abonnement,
        p1_0.date_fin_essai,
        p1_0.date_naissance,
        p1_0.date_verification_compte,
        p1_0.derniere_connexion,
        p1_0.diplome_url,
        p1_0.email,
        p1_0.essai_gratuit,
        p1_0.montant_mensuel,
        p1_0.mot_de_passe_hash,
        p1_0.nom,
        p1_0.nombre_employes_max,
        p1_0.nombre_pharmacies_actuelles,
        p1_0.nombre_pharmacies_max,
        p1_0.notifications_email,
        p1_0.notifications_push,
        p1_0.notifications_sms,
        p1_0.numero_ordre_national,
        p1_0.photo_url,
        p1_0.plan,
        p1_0.prenom,
        p1_0.prochain_paiement,
        p1_0.renouvellement_automatique,
        p1_0.sexe,
        p1_0.statut_abonnement,
        p1_0.telephone,
        p1_0.type,
        p1_0.universite_formation,
        p1_0.updated_at,
        p1_0.valide_par_ordre 
    from
        pharmaciens p1_0 
    where
        p1_0.id=?
2025-12-08 09:51:29 [http-nio-8080-exec-6] DEBUG org.hibernate.SQL - 
    select
        p1_0.id,
        p1_0.actif,
        p1_0.annee_diplome,
        p1_0.carte_ordre_url,
        p1_0.cin_url,
        p1_0.compte_verifie,
        p1_0.created_at,
        p1_0.date_debut_abonnement,
        p1_0.date_debut_essai,
        p1_0.date_dernier_paiement,
        p1_0.date_fin_abonnement,
        p1_0.date_fin_essai,
        p1_0.date_naissance,
        p1_0.date_verification_compte,
        p1_0.derniere_connexion,
        p1_0.diplome_url,
        p1_0.email,
        p1_0.essai_gratuit,
        p1_0.montant_mensuel,
        p1_0.mot_de_passe_hash,
        p1_0.nom,
        p1_0.nombre_employes_max,
        p1_0.nombre_pharmacies_actuelles,
        p1_0.nombre_pharmacies_max,
        p1_0.notifications_email,
        p1_0.notifications_push,
        p1_0.notifications_sms,
        p1_0.numero_ordre_national,
        p1_0.photo_url,
        p1_0.plan,
        p1_0.prenom,
        p1_0.prochain_paiement,
        p1_0.renouvellement_automatique,
        p1_0.sexe,
        p1_0.statut_abonnement,
        p1_0.telephone,
        p1_0.type,
        p1_0.universite_formation,
        p1_0.updated_at,
        p1_0.valide_par_ordre 
    from
        pharmaciens p1_0 
    where
        p1_0.id=?
2025-12-08 09:51:29 [http-nio-8080-exec-6] DEBUG org.hibernate.SQL - 
    select
        p1_0.id,
        p1_0.actif,
        p1_0.annee_diplome,
        p1_0.carte_ordre_url,
        p1_0.cin_url,
        p1_0.compte_verifie,
        p1_0.created_at,
        p1_0.date_debut_abonnement,
        p1_0.date_debut_essai,
        p1_0.date_dernier_paiement,
        p1_0.date_fin_abonnement,
        p1_0.date_fin_essai,
        p1_0.date_naissance,
        p1_0.date_verification_compte,
        p1_0.derniere_connexion,
        p1_0.diplome_url,
        p1_0.email,
        p1_0.essai_gratuit,
        p1_0.montant_mensuel,
        p1_0.mot_de_passe_hash,
        p1_0.nom,
        p1_0.nombre_employes_max,
        p1_0.nombre_pharmacies_actuelles,
        p1_0.nombre_pharmacies_max,
        p1_0.notifications_email,
        p1_0.notifications_push,
        p1_0.notifications_sms,
        p1_0.numero_ordre_national,
        p1_0.photo_url,
        p1_0.plan,
        p1_0.prenom,
        p1_0.prochain_paiement,
        p1_0.renouvellement_automatique,
        p1_0.sexe,
        p1_0.statut_abonnement,
        p1_0.telephone,
        p1_0.type,
        p1_0.universite_formation,
        p1_0.updated_at,
        p1_0.valide_par_ordre 
    from
        pharmaciens p1_0 
    where
        p1_0.id=?
2025-12-08 09:51:29 [http-nio-8080-exec-6] DEBUG org.hibernate.SQL - 
    select
        p1_0.id,
        p1_0.actif,
        p1_0.annee_diplome,
        p1_0.carte_ordre_url,
        p1_0.cin_url,
        p1_0.compte_verifie,
        p1_0.created_at,
        p1_0.date_debut_abonnement,
        p1_0.date_debut_essai,
        p1_0.date_dernier_paiement,
        p1_0.date_fin_abonnement,
        p1_0.date_fin_essai,
        p1_0.date_naissance,
        p1_0.date_verification_compte,
        p1_0.derniere_connexion,
        p1_0.diplome_url,
        p1_0.email,
        p1_0.essai_gratuit,
        p1_0.montant_mensuel,
        p1_0.mot_de_passe_hash,
        p1_0.nom,
        p1_0.nombre_employes_max,
        p1_0.nombre_pharmacies_actuelles,
        p1_0.nombre_pharmacies_max,
        p1_0.notifications_email,
        p1_0.notifications_push,
        p1_0.notifications_sms,
        p1_0.numero_ordre_national,
        p1_0.photo_url,
        p1_0.plan,
        p1_0.prenom,
        p1_0.prochain_paiement,
        p1_0.renouvellement_automatique,
        p1_0.sexe,
        p1_0.statut_abonnement,
        p1_0.telephone,
        p1_0.type,
        p1_0.universite_formation,
        p1_0.updated_at,
        p1_0.valide_par_ordre 
    from
        pharmaciens p1_0 
    where
        p1_0.id=?
2025-12-08 09:51:29 [http-nio-8080-exec-6] DEBUG org.hibernate.SQL - 
    select
        p1_0.id,
        p1_0.actif,
        p1_0.annee_diplome,
        p1_0.carte_ordre_url,
        p1_0.cin_url,
        p1_0.compte_verifie,
        p1_0.created_at,
        p1_0.date_debut_abonnement,
        p1_0.date_debut_essai,
        p1_0.date_dernier_paiement,
        p1_0.date_fin_abonnement,
        p1_0.date_fin_essai,
        p1_0.date_naissance,
        p1_0.date_verification_compte,
        p1_0.derniere_connexion,
        p1_0.diplome_url,
        p1_0.email,
        p1_0.essai_gratuit,
        p1_0.montant_mensuel,
        p1_0.mot_de_passe_hash,
        p1_0.nom,
        p1_0.nombre_employes_max,
        p1_0.nombre_pharmacies_actuelles,
        p1_0.nombre_pharmacies_max,
        p1_0.notifications_email,
        p1_0.notifications_push,
        p1_0.notifications_sms,
        p1_0.numero_ordre_national,
        p1_0.photo_url,
        p1_0.plan,
        p1_0.prenom,
        p1_0.prochain_paiement,
        p1_0.renouvellement_automatique,
        p1_0.sexe,
        p1_0.statut_abonnement,
        p1_0.telephone,
        p1_0.type,
        p1_0.universite_formation,
        p1_0.updated_at,
        p1_0.valide_par_ordre 
    from
        pharmaciens p1_0 
    where
        p1_0.id=?
2025-12-08 09:51:29 [http-nio-8080-exec-6] DEBUG org.hibernate.SQL - 
    select
        p1_0.id,
        p1_0.actif,
        p1_0.annee_diplome,
        p1_0.carte_ordre_url,
        p1_0.cin_url,
        p1_0.compte_verifie,
        p1_0.created_at,
        p1_0.date_debut_abonnement,
        p1_0.date_debut_essai,
        p1_0.date_dernier_paiement,
        p1_0.date_fin_abonnement,
        p1_0.date_fin_essai,
        p1_0.date_naissance,
        p1_0.date_verification_compte,
        p1_0.derniere_connexion,
        p1_0.diplome_url,
        p1_0.email,
        p1_0.essai_gratuit,
        p1_0.montant_mensuel,
        p1_0.mot_de_passe_hash,
        p1_0.nom,
        p1_0.nombre_employes_max,
        p1_0.nombre_pharmacies_actuelles,
        p1_0.nombre_pharmacies_max,
        p1_0.notifications_email,
        p1_0.notifications_push,
        p1_0.notifications_sms,
        p1_0.numero_ordre_national,
        p1_0.photo_url,
        p1_0.plan,
        p1_0.prenom,
        p1_0.prochain_paiement,
        p1_0.renouvellement_automatique,
        p1_0.sexe,
        p1_0.statut_abonnement,
        p1_0.telephone,
        p1_0.type,
        p1_0.universite_formation,
        p1_0.updated_at,
        p1_0.valide_par_ordre 
    from
        pharmaciens p1_0 
    where
        p1_0.id=?
2025-12-08 09:51:29 [http-nio-8080-exec-6] DEBUG org.hibernate.SQL - 
    select
        p1_0.id,
        p1_0.actif,
        p1_0.annee_diplome,
        p1_0.carte_ordre_url,
        p1_0.cin_url,
        p1_0.compte_verifie,
        p1_0.created_at,
        p1_0.date_debut_abonnement,
        p1_0.date_debut_essai,
        p1_0.date_dernier_paiement,
        p1_0.date_fin_abonnement,
        p1_0.date_fin_essai,
        p1_0.date_naissance,
        p1_0.date_verification_compte,
        p1_0.derniere_connexion,
        p1_0.diplome_url,
        p1_0.email,
        p1_0.essai_gratuit,
        p1_0.montant_mensuel,
        p1_0.mot_de_passe_hash,
        p1_0.nom,
        p1_0.nombre_employes_max,
        p1_0.nombre_pharmacies_actuelles,
        p1_0.nombre_pharmacies_max,
        p1_0.notifications_email,
        p1_0.notifications_push,
        p1_0.notifications_sms,
        p1_0.numero_ordre_national,
        p1_0.photo_url,
        p1_0.plan,
        p1_0.prenom,
        p1_0.prochain_paiement,
        p1_0.renouvellement_automatique,
        p1_0.sexe,
        p1_0.statut_abonnement,
        p1_0.telephone,
        p1_0.type,
        p1_0.universite_formation,
        p1_0.updated_at,
        p1_0.valide_par_ordre 
    from
        pharmaciens p1_0 
    where
        p1_0.id=?
2025-12-08 09:51:29 [http-nio-8080-exec-6] DEBUG org.hibernate.SQL - 
    select
        p1_0.id,
        p1_0.actif,
        p1_0.annee_diplome,
        p1_0.carte_ordre_url,
        p1_0.cin_url,
        p1_0.compte_verifie,
        p1_0.created_at,
        p1_0.date_debut_abonnement,
        p1_0.date_debut_essai,
        p1_0.date_dernier_paiement,
        p1_0.date_fin_abonnement,
        p1_0.date_fin_essai,
        p1_0.date_naissance,
        p1_0.date_verification_compte,
        p1_0.derniere_connexion,
        p1_0.diplome_url,
        p1_0.email,
        p1_0.essai_gratuit,
        p1_0.montant_mensuel,
        p1_0.mot_de_passe_hash,
        p1_0.nom,
        p1_0.nombre_employes_max,
        p1_0.nombre_pharmacies_actuelles,
        p1_0.nombre_pharmacies_max,
        p1_0.notifications_email,
        p1_0.notifications_push,
        p1_0.notifications_sms,
        p1_0.numero_ordre_national,
        p1_0.photo_url,
        p1_0.plan,
        p1_0.prenom,
        p1_0.prochain_paiement,
        p1_0.renouvellement_automatique,
        p1_0.sexe,
        p1_0.statut_abonnement,
        p1_0.telephone,
        p1_0.type,
        p1_0.universite_formation,
        p1_0.updated_at,
        p1_0.valide_par_ordre 
    from
        pharmaciens p1_0 
    where
        p1_0.id=?
2025-12-08 09:51:29 [http-nio-8080-exec-6] DEBUG org.hibernate.SQL - 
    select
        p1_0.id,
        p1_0.actif,
        p1_0.annee_diplome,
        p1_0.carte_ordre_url,
        p1_0.cin_url,
        p1_0.compte_verifie,
        p1_0.created_at,
        p1_0.date_debut_abonnement,
        p1_0.date_debut_essai,
        p1_0.date_dernier_paiement,
        p1_0.date_fin_abonnement,
        p1_0.date_fin_essai,
        p1_0.date_naissance,
        p1_0.date_verification_compte,
        p1_0.derniere_connexion,
        p1_0.diplome_url,
        p1_0.email,
        p1_0.essai_gratuit,
        p1_0.montant_mensuel,
        p1_0.mot_de_passe_hash,
        p1_0.nom,
        p1_0.nombre_employes_max,
        p1_0.nombre_pharmacies_actuelles,
        p1_0.nombre_pharmacies_max,
        p1_0.notifications_email,
        p1_0.notifications_push,
        p1_0.notifications_sms,
        p1_0.numero_ordre_national,
        p1_0.photo_url,
        p1_0.plan,
        p1_0.prenom,
        p1_0.prochain_paiement,
        p1_0.renouvellement_automatique,
        p1_0.sexe,
        p1_0.statut_abonnement,
        p1_0.telephone,
        p1_0.type,
        p1_0.universite_formation,
        p1_0.updated_at,
        p1_0.valide_par_ordre 
    from
        pharmaciens p1_0 
    where
        p1_0.id=?
2025-12-08 09:51:29 [http-nio-8080-exec-6] DEBUG org.hibernate.SQL - 
    select
        p1_0.id,
        p1_0.actif,
        p1_0.annee_diplome,
        p1_0.carte_ordre_url,
        p1_0.cin_url,
        p1_0.compte_verifie,
        p1_0.created_at,
        p1_0.date_debut_abonnement,
        p1_0.date_debut_essai,
        p1_0.date_dernier_paiement,
        p1_0.date_fin_abonnement,
        p1_0.date_fin_essai,
        p1_0.date_naissance,
        p1_0.date_verification_compte,
        p1_0.derniere_connexion,
        p1_0.diplome_url,
        p1_0.email,
        p1_0.essai_gratuit,
        p1_0.montant_mensuel,
        p1_0.mot_de_passe_hash,
        p1_0.nom,
        p1_0.nombre_employes_max,
        p1_0.nombre_pharmacies_actuelles,
        p1_0.nombre_pharmacies_max,
        p1_0.notifications_email,
        p1_0.notifications_push,
        p1_0.notifications_sms,
        p1_0.numero_ordre_national,
        p1_0.photo_url,
        p1_0.plan,
        p1_0.prenom,
        p1_0.prochain_paiement,
        p1_0.renouvellement_automatique,
        p1_0.sexe,
        p1_0.statut_abonnement,
        p1_0.telephone,
        p1_0.type,
        p1_0.universite_formation,
        p1_0.updated_at,
        p1_0.valide_par_ordre 
    from
        pharmaciens p1_0 
    where
        p1_0.id=?
2025-12-08 09:51:29 [http-nio-8080-exec-6] DEBUG o.s.w.s.m.m.a.HttpEntityMethodProcessor - Using 'application/json', given [*/*] and supported [application/json, application/*+json, application/yaml]
2025-12-08 09:51:29 [http-nio-8080-exec-6] DEBUG o.s.w.s.m.m.a.HttpEntityMethodProcessor - Writing [ApiResponse[success=true, message=Pharmacies de la commune (11), data=[{id=73c100fa-7a97-4c86-990b-d (truncated)...]
2025-12-08 09:51:29 [http-nio-8080-exec-6] DEBUG o.s.web.servlet.DispatcherServlet - Completed 200 OK
2025-12-08 09:51:45 [http-nio-8080-exec-3] DEBUG o.s.security.web.FilterChainProxy - Securing GET /api/v1/subscriptions/plans
2025-12-08 09:51:45 [http-nio-8080-exec-3] DEBUG o.s.s.w.a.AnonymousAuthenticationFilter - Set SecurityContextHolder to anonymous SecurityContext
2025-12-08 09:51:45 [http-nio-8080-exec-3] DEBUG o.s.security.web.FilterChainProxy - Secured GET /api/v1/subscriptions/plans
2025-12-08 09:51:45 [http-nio-8080-exec-3] DEBUG o.s.web.servlet.DispatcherServlet - GET "/api/v1/subscriptions/plans", parameters={}
2025-12-08 09:51:45 [http-nio-8080-exec-3] DEBUG o.s.w.s.m.m.a.RequestMappingHandlerMapping - Mapped to sn.sunufarmasi.subscription.controller.SubscriptionController#getAllPlans()
2025-12-08 09:51:45 [http-nio-8080-exec-3] INFO  s.s.s.c.SubscriptionController - GET /api/v1/subscriptions/plans
2025-12-08 09:51:45 [http-nio-8080-exec-3] DEBUG org.hibernate.SQL - 
    /* <criteria> */ select
        sp1_0.id,
        sp1_0.actif,
        sp1_0.avec_publicite,
        sp1_0.code,
        sp1_0.created_at,
        sp1_0.description,
        sp1_0.duree_jours,
        sp1_0.nom,
        sp1_0.ordre,
        sp1_0.prix,
        sp1_0.updated_at 
    from
        subscription_plans sp1_0 
    where
        sp1_0.actif 
    order by
        sp1_0.ordre
2025-12-08 09:51:45 [http-nio-8080-exec-3] DEBUG o.s.w.s.m.m.a.HttpEntityMethodProcessor - Using 'application/json', given [*/*] and supported [application/json, application/*+json, application/yaml]
2025-12-08 09:51:45 [http-nio-8080-exec-3] DEBUG o.s.w.s.m.m.a.HttpEntityMethodProcessor - Writing [ApiResponse[success=true, message=null, data=[SubscriptionPlanResponse[id=0ef3eb0d-d179-4954-9ed2-df (truncated)...]
2025-12-08 09:51:45 [http-nio-8080-exec-3] DEBUG o.s.web.servlet.DispatcherServlet - Completed 200 OK
2025-12-08 09:59:52 [SpringApplicationShutdownHook] INFO  o.s.b.w.e.tomcat.GracefulShutdown - Commencing graceful shutdown. Waiting for active requests to complete
2025-12-08 09:59:52 [tomcat-shutdown] INFO  o.s.b.w.e.tomcat.GracefulShutdown - Graceful shutdown complete
2025-12-08 09:59:52 [SpringApplicationShutdownHook] INFO  o.s.o.j.LocalContainerEntityManagerFactoryBean - Closing JPA EntityManagerFactory for persistence unit 'default'
2025-12-08 09:59:52 [SpringApplicationShutdownHook] INFO  com.zaxxer.hikari.HikariDataSource - HikariPool-1 - Shutdown initiated...
2025-12-08 09:59:52 [SpringApplicationShutdownHook] INFO  com.zaxxer.hikari.HikariDataSource - HikariPool-1 - Shutdown completed.
2025-12-08 10:03:41 [restartedMain] INFO  s.s.SunuFarmasiApiApplication - Starting SunuFarmasiApiApplication using Java 21.0.8 with PID 61732 (C:\Users\LENOVO\Projects\AL Amine\SunuPharmacie\sunufarmasi-api\target\classes started by LENOVO in C:\Users\LENOVO\Projects\AL Amine\SunuPharmacie\sunufarmasi-api)
2025-12-08 10:03:41 [restartedMain] INFO  s.s.SunuFarmasiApiApplication - No active profile set, falling back to 1 default profile: "default"
2025-12-08 10:03:41 [restartedMain] INFO  o.s.b.d.e.DevToolsPropertyDefaultsPostProcessor - Devtools property defaults active! Set 'spring.devtools.add-properties' to 'false' to disable
2025-12-08 10:03:41 [restartedMain] INFO  o.s.b.d.e.DevToolsPropertyDefaultsPostProcessor - For additional web related logging consider setting the 'logging.level.web' property to 'DEBUG'
2025-12-08 10:03:44 [restartedMain] INFO  o.s.d.r.c.RepositoryConfigurationDelegate - Multiple Spring Data modules found, entering strict repository configuration mode
2025-12-08 10:03:44 [restartedMain] INFO  o.s.d.r.c.RepositoryConfigurationDelegate - Bootstrapping Spring Data JPA repositories in DEFAULT mode.
2025-12-08 10:03:45 [restartedMain] INFO  o.s.d.r.c.RepositoryConfigurationDelegate - Finished Spring Data repository scanning in 393 ms. Found 29 JPA repository interfaces.
2025-12-08 10:03:45 [restartedMain] INFO  o.s.d.r.c.RepositoryConfigurationDelegate - Multiple Spring Data modules found, entering strict repository configuration mode
2025-12-08 10:03:45 [restartedMain] INFO  o.s.d.r.c.RepositoryConfigurationDelegate - Bootstrapping Spring Data Redis repositories in DEFAULT mode.
2025-12-08 10:03:45 [restartedMain] INFO  o.s.d.r.c.RepositoryConfigurationExtensionSupport - Spring Data Redis - Could not safely identify store assignment for repository candidate interface sn.sunufarmasi.auth.repository.OtpRepository; If you want this repository to be a Redis repository, consider annotating your entities with one of these annotations: org.springframework.data.redis.core.RedisHash (preferred), or consider extending one of the following types with your repository: org.springframework.data.keyvalue.repository.KeyValueRepository
2025-12-08 10:03:45 [restartedMain] INFO  o.s.d.r.c.RepositoryConfigurationExtensionSupport - Spring Data Redis - Could not safely identify store assignment for repository candidate interface sn.sunufarmasi.auth.repository.VerificationOtpRepository; If you want this repository to be a Redis repository, consider annotating your entities with one of these annotations: org.springframework.data.redis.core.RedisHash (preferred), or consider extending one of the following types with your repository: org.springframework.data.keyvalue.repository.KeyValueRepository
2025-12-08 10:03:45 [restartedMain] INFO  o.s.d.r.c.RepositoryConfigurationExtensionSupport - Spring Data Redis - Could not safely identify store assignment for repository candidate interface sn.sunufarmasi.employe.repository.EmployeRepository; If you want this repository to be a Redis repository, consider annotating your entities with one of these annotations: org.springframework.data.redis.core.RedisHash (preferred), or consider extending one of the following types with your repository: org.springframework.data.keyvalue.repository.KeyValueRepository
2025-12-08 10:03:45 [restartedMain] INFO  o.s.d.r.c.RepositoryConfigurationExtensionSupport - Spring Data Redis - Could not safely identify store assignment for repository candidate interface sn.sunufarmasi.garde.repository.GardeRepository; If you want this repository to be a Redis repository, consider annotating your entities with one of these annotations: org.springframework.data.redis.core.RedisHash (preferred), or consider extending one of the following types with your repository: org.springframework.data.keyvalue.repository.KeyValueRepository
2025-12-08 10:03:45 [restartedMain] INFO  o.s.d.r.c.RepositoryConfigurationExtensionSupport - Spring Data Redis - Could not safely identify store assignment for repository candidate interface sn.sunufarmasi.garde.repository.PlanningGardeRepository; If you want this repository to be a Redis repository, consider annotating your entities with one of these annotations: org.springframework.data.redis.core.RedisHash (preferred), or consider extending one of the following types with your repository: org.springframework.data.keyvalue.repository.KeyValueRepository
2025-12-08 10:03:45 [restartedMain] INFO  o.s.d.r.c.RepositoryConfigurationExtensionSupport - Spring Data Redis - Could not safely identify store assignment for repository candidate interface sn.sunufarmasi.localisation.repository.CommuneRepository; If you want this repository to be a Redis repository, consider annotating your entities with one of these annotations: org.springframework.data.redis.core.RedisHash (preferred), or consider extending one of the following types with your repository: org.springframework.data.keyvalue.repository.KeyValueRepository
2025-12-08 10:03:45 [restartedMain] INFO  o.s.d.r.c.RepositoryConfigurationExtensionSupport - Spring Data Redis - Could not safely identify store assignment for repository candidate interface sn.sunufarmasi.localisation.repository.DepartementRepository; If you want this repository to be a Redis repository, consider annotating your entities with one of these annotations: org.springframework.data.redis.core.RedisHash (preferred), or consider extending one of the following types with your repository: org.springframework.data.keyvalue.repository.KeyValueRepository
2025-12-08 10:03:45 [restartedMain] INFO  o.s.d.r.c.RepositoryConfigurationExtensionSupport - Spring Data Redis - Could not safely identify store assignment for repository candidate interface sn.sunufarmasi.localisation.repository.PaysRepository; If you want this repository to be a Redis repository, consider annotating your entities with one of these annotations: org.springframework.data.redis.core.RedisHash (preferred), or consider extending one of the following types with your repository: org.springframework.data.keyvalue.repository.KeyValueRepository
2025-12-08 10:03:45 [restartedMain] INFO  o.s.d.r.c.RepositoryConfigurationExtensionSupport - Spring Data Redis - Could not safely identify store assignment for repository candidate interface sn.sunufarmasi.localisation.repository.RegionRepository; If you want this repository to be a Redis repository, consider annotating your entities with one of these annotations: org.springframework.data.redis.core.RedisHash (preferred), or consider extending one of the following types with your repository: org.springframework.data.keyvalue.repository.KeyValueRepository
2025-12-08 10:03:45 [restartedMain] INFO  o.s.d.r.c.RepositoryConfigurationExtensionSupport - Spring Data Redis - Could not safely identify store assignment for repository candidate interface sn.sunufarmasi.mutuelle.repository.AdherentRepository; If you want this repository to be a Redis repository, consider annotating your entities with one of these annotations: org.springframework.data.redis.core.RedisHash (preferred), or consider extending one of the following types with your repository: org.springframework.data.keyvalue.repository.KeyValueRepository
2025-12-08 10:03:45 [restartedMain] INFO  o.s.d.r.c.RepositoryConfigurationExtensionSupport - Spring Data Redis - Could not safely identify store assignment for repository candidate interface sn.sunufarmasi.mutuelle.repository.ContratMutuelleRepository; If you want this repository to be a Redis repository, consider annotating your entities with one of these annotations: org.springframework.data.redis.core.RedisHash (preferred), or consider extending one of the following types with your repository: org.springframework.data.keyvalue.repository.KeyValueRepository
2025-12-08 10:03:45 [restartedMain] INFO  o.s.d.r.c.RepositoryConfigurationExtensionSupport - Spring Data Redis - Could not safely identify store assignment for repository candidate interface sn.sunufarmasi.mutuelle.repository.DemandeRemboursementRepository; If you want this repository to be a Redis repository, consider annotating your entities with one of these annotations: org.springframework.data.redis.core.RedisHash (preferred), or consider extending one of the following types with your repository: org.springframework.data.keyvalue.repository.KeyValueRepository
2025-12-08 10:03:45 [restartedMain] INFO  o.s.d.r.c.RepositoryConfigurationExtensionSupport - Spring Data Redis - Could not safely identify store assignment for repository candidate interface sn.sunufarmasi.mutuelle.repository.MutuelleRepository; If you want this repository to be a Redis repository, consider annotating your entities with one of these annotations: org.springframework.data.redis.core.RedisHash (preferred), or consider extending one of the following types with your repository: org.springframework.data.keyvalue.repository.KeyValueRepository
2025-12-08 10:03:45 [restartedMain] INFO  o.s.d.r.c.RepositoryConfigurationExtensionSupport - Spring Data Redis - Could not safely identify store assignment for repository candidate interface sn.sunufarmasi.notification.repository.ConfigNotificationRepository; If you want this repository to be a Redis repository, consider annotating your entities with one of these annotations: org.springframework.data.redis.core.RedisHash (preferred), or consider extending one of the following types with your repository: org.springframework.data.keyvalue.repository.KeyValueRepository
2025-12-08 10:03:45 [restartedMain] INFO  o.s.d.r.c.RepositoryConfigurationExtensionSupport - Spring Data Redis - Could not safely identify store assignment for repository candidate interface sn.sunufarmasi.notification.repository.NotificationRepository; If you want this repository to be a Redis repository, consider annotating your entities with one of these annotations: org.springframework.data.redis.core.RedisHash (preferred), or consider extending one of the following types with your repository: org.springframework.data.keyvalue.repository.KeyValueRepository
2025-12-08 10:03:45 [restartedMain] INFO  o.s.d.r.c.RepositoryConfigurationExtensionSupport - Spring Data Redis - Could not safely identify store assignment for repository candidate interface sn.sunufarmasi.patient.repository.PatientRepository; If you want this repository to be a Redis repository, consider annotating your entities with one of these annotations: org.springframework.data.redis.core.RedisHash (preferred), or consider extending one of the following types with your repository: org.springframework.data.keyvalue.repository.KeyValueRepository
2025-12-08 10:03:45 [restartedMain] INFO  o.s.d.r.c.RepositoryConfigurationExtensionSupport - Spring Data Redis - Could not safely identify store assignment for repository candidate interface sn.sunufarmasi.payment.repository.PaymentRepository; If you want this repository to be a Redis repository, consider annotating your entities with one of these annotations: org.springframework.data.redis.core.RedisHash (preferred), or consider extending one of the following types with your repository: org.springframework.data.keyvalue.repository.KeyValueRepository
2025-12-08 10:03:45 [restartedMain] INFO  o.s.d.r.c.RepositoryConfigurationExtensionSupport - Spring Data Redis - Could not safely identify store assignment for repository candidate interface sn.sunufarmasi.pharmacie.repository.PharmacienRepository; If you want this repository to be a Redis repository, consider annotating your entities with one of these annotations: org.springframework.data.redis.core.RedisHash (preferred), or consider extending one of the following types with your repository: org.springframework.data.keyvalue.repository.KeyValueRepository
2025-12-08 10:03:45 [restartedMain] INFO  o.s.d.r.c.RepositoryConfigurationExtensionSupport - Spring Data Redis - Could not safely identify store assignment for repository candidate interface sn.sunufarmasi.pharmacie.repository.PharmacieRepository; If you want this repository to be a Redis repository, consider annotating your entities with one of these annotations: org.springframework.data.redis.core.RedisHash (preferred), or consider extending one of the following types with your repository: org.springframework.data.keyvalue.repository.KeyValueRepository
2025-12-08 10:03:45 [restartedMain] INFO  o.s.d.r.c.RepositoryConfigurationExtensionSupport - Spring Data Redis - Could not safely identify store assignment for repository candidate interface sn.sunufarmasi.pharmacie.repository.PharmacieRepositorye; If you want this repository to be a Redis repository, consider annotating your entities with one of these annotations: org.springframework.data.redis.core.RedisHash (preferred), or consider extending one of the following types with your repository: org.springframework.data.keyvalue.repository.KeyValueRepository
2025-12-08 10:03:45 [restartedMain] INFO  o.s.d.r.c.RepositoryConfigurationExtensionSupport - Spring Data Redis - Could not safely identify store assignment for repository candidate interface sn.sunufarmasi.stock.repository.MouvementStockRepository; If you want this repository to be a Redis repository, consider annotating your entities with one of these annotations: org.springframework.data.redis.core.RedisHash (preferred), or consider extending one of the following types with your repository: org.springframework.data.keyvalue.repository.KeyValueRepository
2025-12-08 10:03:45 [restartedMain] INFO  o.s.d.r.c.RepositoryConfigurationExtensionSupport - Spring Data Redis - Could not safely identify store assignment for repository candidate interface sn.sunufarmasi.stock.repository.ProduitPharmacieRepository; If you want this repository to be a Redis repository, consider annotating your entities with one of these annotations: org.springframework.data.redis.core.RedisHash (preferred), or consider extending one of the following types with your repository: org.springframework.data.keyvalue.repository.KeyValueRepository
2025-12-08 10:03:45 [restartedMain] INFO  o.s.d.r.c.RepositoryConfigurationExtensionSupport - Spring Data Redis - Could not safely identify store assignment for repository candidate interface sn.sunufarmasi.stock.repository.ProduitRepository; If you want this repository to be a Redis repository, consider annotating your entities with one of these annotations: org.springframework.data.redis.core.RedisHash (preferred), or consider extending one of the following types with your repository: org.springframework.data.keyvalue.repository.KeyValueRepository
2025-12-08 10:03:45 [restartedMain] INFO  o.s.d.r.c.RepositoryConfigurationExtensionSupport - Spring Data Redis - Could not safely identify store assignment for repository candidate interface sn.sunufarmasi.subscription.repository.SubscriptionPlanRepository; If you want this repository to be a Redis repository, consider annotating your entities with one of these annotations: org.springframework.data.redis.core.RedisHash (preferred), or consider extending one of the following types with your repository: org.springframework.data.keyvalue.repository.KeyValueRepository
2025-12-08 10:03:45 [restartedMain] INFO  o.s.d.r.c.RepositoryConfigurationExtensionSupport - Spring Data Redis - Could not safely identify store assignment for repository candidate interface sn.sunufarmasi.subscription.repository.SubscriptionRepository; If you want this repository to be a Redis repository, consider annotating your entities with one of these annotations: org.springframework.data.redis.core.RedisHash (preferred), or consider extending one of the following types with your repository: org.springframework.data.keyvalue.repository.KeyValueRepository
2025-12-08 10:03:45 [restartedMain] INFO  o.s.d.r.c.RepositoryConfigurationExtensionSupport - Spring Data Redis - Could not safely identify store assignment for repository candidate interface sn.sunufarmasi.syndicat.repository.SyndicatRepository; If you want this repository to be a Redis repository, consider annotating your entities with one of these annotations: org.springframework.data.redis.core.RedisHash (preferred), or consider extending one of the following types with your repository: org.springframework.data.keyvalue.repository.KeyValueRepository
2025-12-08 10:03:45 [restartedMain] INFO  o.s.d.r.c.RepositoryConfigurationExtensionSupport - Spring Data Redis - Could not safely identify store assignment for repository candidate interface sn.sunufarmasi.user.repository.UserRepository; If you want this repository to be a Redis repository, consider annotating your entities with one of these annotations: org.springframework.data.redis.core.RedisHash (preferred), or consider extending one of the following types with your repository: org.springframework.data.keyvalue.repository.KeyValueRepository
2025-12-08 10:03:45 [restartedMain] INFO  o.s.d.r.c.RepositoryConfigurationExtensionSupport - Spring Data Redis - Could not safely identify store assignment for repository candidate interface sn.sunufarmasi.vente.repository.LigneVenteRepository; If you want this repository to be a Redis repository, consider annotating your entities with one of these annotations: org.springframework.data.redis.core.RedisHash (preferred), or consider extending one of the following types with your repository: org.springframework.data.keyvalue.repository.KeyValueRepository
2025-12-08 10:03:45 [restartedMain] INFO  o.s.d.r.c.RepositoryConfigurationExtensionSupport - Spring Data Redis - Could not safely identify store assignment for repository candidate interface sn.sunufarmasi.vente.repository.VenteRepository; If you want this repository to be a Redis repository, consider annotating your entities with one of these annotations: org.springframework.data.redis.core.RedisHash (preferred), or consider extending one of the following types with your repository: org.springframework.data.keyvalue.repository.KeyValueRepository
2025-12-08 10:03:45 [restartedMain] INFO  o.s.d.r.c.RepositoryConfigurationDelegate - Finished Spring Data repository scanning in 37 ms. Found 0 Redis repository interfaces.
2025-12-08 10:03:47 [restartedMain] INFO  o.s.b.w.e.tomcat.TomcatWebServer - Tomcat initialized with port 8080 (http)
2025-12-08 10:03:47 [restartedMain] INFO  o.a.catalina.core.StandardService - Starting service [Tomcat]
2025-12-08 10:03:47 [restartedMain] INFO  o.a.catalina.core.StandardEngine - Starting Servlet engine: [Apache Tomcat/10.1.48]
2025-12-08 10:03:47 [restartedMain] INFO  o.a.c.c.C.[Tomcat].[localhost].[/] - Initializing Spring embedded WebApplicationContext
2025-12-08 10:03:47 [restartedMain] INFO  o.s.b.w.s.c.ServletWebServerApplicationContext - Root WebApplicationContext: initialization completed in 6445 ms
2025-12-08 10:03:48 [restartedMain] DEBUG o.s.w.f.ServerHttpObservationFilter - Filter 'webMvcObservationFilter' configured for use
2025-12-08 10:03:49 [restartedMain] INFO  com.zaxxer.hikari.HikariDataSource - HikariPool-1 - Starting...
2025-12-08 10:03:49 [restartedMain] INFO  com.zaxxer.hikari.pool.HikariPool - HikariPool-1 - Added connection org.postgresql.jdbc.PgConnection@61b62df9
2025-12-08 10:03:49 [restartedMain] INFO  com.zaxxer.hikari.HikariDataSource - HikariPool-1 - Start completed.
2025-12-08 10:03:49 [restartedMain] INFO  org.flywaydb.core.FlywayExecutor - Database: jdbc:postgresql://localhost:5432/sunufarmasi-develop (PostgreSQL 17.6)
2025-12-08 10:03:49 [restartedMain] INFO  o.f.core.internal.command.DbValidate - Successfully validated 0 migrations (execution time 00:00.055s)
2025-12-08 10:03:49 [restartedMain] WARN  o.f.core.internal.command.DbValidate - No migrations found. Are your locations set up correctly?
2025-12-08 10:03:49 [restartedMain] INFO  o.f.core.internal.command.DbMigrate - Current version of schema "public": << Empty Schema >>
2025-12-08 10:03:49 [restartedMain] INFO  o.f.core.internal.command.DbMigrate - Schema "public" is up to date. No migration necessary.
2025-12-08 10:03:50 [restartedMain] INFO  o.h.jpa.internal.util.LogHelper - HHH000204: Processing PersistenceUnitInfo [name: default]
2025-12-08 10:03:50 [restartedMain] INFO  org.hibernate.Version - HHH000412: Hibernate ORM core version 6.6.33.Final
2025-12-08 10:03:50 [restartedMain] INFO  o.h.c.i.RegionFactoryInitiator - HHH000026: Second-level cache disabled
2025-12-08 10:03:50 [restartedMain] INFO  o.s.o.j.p.SpringPersistenceUnitInfo - No LoadTimeWeaver setup: ignoring JPA class transformer
2025-12-08 10:03:50 [restartedMain] WARN  org.hibernate.orm.deprecation - HHH90000025: PostgreSQLDialect does not need to be specified explicitly using 'hibernate.dialect' (remove the property setting and it will be selected by default)
2025-12-08 10:03:50 [restartedMain] INFO  o.hibernate.orm.connections.pooling - HHH10001005: Database info:
	Database JDBC URL [Connecting through datasource 'HikariDataSource (HikariPool-1)']
	Database driver: undefined/unknown
	Database version: 17.6
	Autocommit mode: undefined/unknown
	Isolation level: undefined/unknown
	Minimum pool size: undefined/unknown
	Maximum pool size: undefined/unknown
2025-12-08 10:03:53 [restartedMain] INFO  o.h.e.t.j.p.i.JtaPlatformInitiator - HHH000489: No JTA platform available (set 'hibernate.transaction.jta.platform' to enable JTA platform integration)
2025-12-08 10:03:53 [restartedMain] DEBUG org.hibernate.SQL - 
    create index idx_otp_telephone 
       on verification_otp (telephone)
2025-12-08 10:03:53 [restartedMain] WARN  o.h.t.s.i.ExceptionHandlerLoggedImpl - GenerationTarget encountered exception accepting command : Error executing DDL "
    create index idx_otp_telephone 
       on verification_otp (telephone)" via JDBC [ERROR: relation "idx_otp_telephone" already exists]
org.hibernate.tool.schema.spi.CommandAcceptanceException: Error executing DDL "
    create index idx_otp_telephone 
       on verification_otp (telephone)" via JDBC [ERROR: relation "idx_otp_telephone" already exists]
	at org.hibernate.tool.schema.internal.exec.GenerationTargetToDatabase.accept(GenerationTargetToDatabase.java:94)
	at org.hibernate.tool.schema.internal.AbstractSchemaMigrator.applySqlString(AbstractSchemaMigrator.java:576)
	at org.hibernate.tool.schema.internal.AbstractSchemaMigrator.applySqlStrings(AbstractSchemaMigrator.java:516)
	at org.hibernate.tool.schema.internal.AbstractSchemaMigrator.applyIndexes(AbstractSchemaMigrator.java:361)
	at org.hibernate.tool.schema.internal.GroupedSchemaMigratorImpl.performTablesMigration(GroupedSchemaMigratorImpl.java:96)
	at org.hibernate.tool.schema.internal.AbstractSchemaMigrator.performMigration(AbstractSchemaMigrator.java:233)
	at org.hibernate.tool.schema.internal.AbstractSchemaMigrator.doMigration(AbstractSchemaMigrator.java:112)
	at org.hibernate.tool.schema.spi.SchemaManagementToolCoordinator.performDatabaseAction(SchemaManagementToolCoordinator.java:280)
	at org.hibernate.tool.schema.spi.SchemaManagementToolCoordinator.lambda$process$5(SchemaManagementToolCoordinator.java:144)
	at java.base/java.util.HashMap.forEach(HashMap.java:1429)
	at org.hibernate.tool.schema.spi.SchemaManagementToolCoordinator.process(SchemaManagementToolCoordinator.java:141)
	at org.hibernate.boot.internal.SessionFactoryObserverForSchemaExport.sessionFactoryCreated(SessionFactoryObserverForSchemaExport.java:37)
	at org.hibernate.internal.SessionFactoryObserverChain.sessionFactoryCreated(SessionFactoryObserverChain.java:35)
	at org.hibernate.internal.SessionFactoryImpl.<init>(SessionFactoryImpl.java:324)
	at org.hibernate.boot.internal.SessionFactoryBuilderImpl.build(SessionFactoryBuilderImpl.java:463)
	at org.hibernate.jpa.boot.internal.EntityManagerFactoryBuilderImpl.build(EntityManagerFactoryBuilderImpl.java:1517)
	at org.springframework.orm.jpa.vendor.SpringHibernateJpaPersistenceProvider.createContainerEntityManagerFactory(SpringHibernateJpaPersistenceProvider.java:66)
	at org.springframework.orm.jpa.LocalContainerEntityManagerFactoryBean.createNativeEntityManagerFactory(LocalContainerEntityManagerFactoryBean.java:390)
	at org.springframework.orm.jpa.AbstractEntityManagerFactoryBean.buildNativeEntityManagerFactory(AbstractEntityManagerFactoryBean.java:419)
	at org.springframework.orm.jpa.AbstractEntityManagerFactoryBean.afterPropertiesSet(AbstractEntityManagerFactoryBean.java:400)
	at org.springframework.orm.jpa.LocalContainerEntityManagerFactoryBean.afterPropertiesSet(LocalContainerEntityManagerFactoryBean.java:366)
	at org.springframework.beans.factory.support.AbstractAutowireCapableBeanFactory.invokeInitMethods(AbstractAutowireCapableBeanFactory.java:1873)
	at org.springframework.beans.factory.support.AbstractAutowireCapableBeanFactory.initializeBean(AbstractAutowireCapableBeanFactory.java:1822)
	at org.springframework.beans.factory.support.AbstractAutowireCapableBeanFactory.doCreateBean(AbstractAutowireCapableBeanFactory.java:607)
	at org.springframework.beans.factory.support.AbstractAutowireCapableBeanFactory.createBean(AbstractAutowireCapableBeanFactory.java:529)
	at org.springframework.beans.factory.support.AbstractBeanFactory.lambda$doGetBean$0(AbstractBeanFactory.java:339)
	at org.springframework.beans.factory.support.DefaultSingletonBeanRegistry.getSingleton(DefaultSingletonBeanRegistry.java:373)
	at org.springframework.beans.factory.support.AbstractBeanFactory.doGetBean(AbstractBeanFactory.java:337)
	at org.springframework.beans.factory.support.AbstractBeanFactory.getBean(AbstractBeanFactory.java:207)
	at org.springframework.context.support.AbstractApplicationContext.finishBeanFactoryInitialization(AbstractApplicationContext.java:973)
	at org.springframework.context.support.AbstractApplicationContext.refresh(AbstractApplicationContext.java:627)
	at org.springframework.boot.web.servlet.context.ServletWebServerApplicationContext.refresh(ServletWebServerApplicationContext.java:146)
	at org.springframework.boot.SpringApplication.refresh(SpringApplication.java:752)
	at org.springframework.boot.SpringApplication.refreshContext(SpringApplication.java:439)
	at org.springframework.boot.SpringApplication.run(SpringApplication.java:318)
	at org.springframework.boot.SpringApplication.run(SpringApplication.java:1361)
	at org.springframework.boot.SpringApplication.run(SpringApplication.java:1350)
	at sn.sunufarmasi.SunuFarmasiApiApplication.main(SunuFarmasiApiApplication.java:37)
	at java.base/jdk.internal.reflect.DirectMethodHandleAccessor.invoke(DirectMethodHandleAccessor.java:103)
	at java.base/java.lang.reflect.Method.invoke(Method.java:580)
	at org.springframework.boot.devtools.restart.RestartLauncher.run(RestartLauncher.java:50)
Caused by: org.postgresql.util.PSQLException: ERROR: relation "idx_otp_telephone" already exists
	at org.postgresql.core.v3.QueryExecutorImpl.receiveErrorResponse(QueryExecutorImpl.java:2736)
	at org.postgresql.core.v3.QueryExecutorImpl.processResults(QueryExecutorImpl.java:2421)
	at org.postgresql.core.v3.QueryExecutorImpl.execute(QueryExecutorImpl.java:372)
	at org.postgresql.jdbc.PgStatement.executeInternal(PgStatement.java:525)
	at org.postgresql.jdbc.PgStatement.execute(PgStatement.java:435)
	at org.postgresql.jdbc.PgStatement.executeWithFlags(PgStatement.java:357)
	at org.postgresql.jdbc.PgStatement.executeCachedSql(PgStatement.java:342)
	at org.postgresql.jdbc.PgStatement.executeWithFlags(PgStatement.java:318)
	at org.postgresql.jdbc.PgStatement.execute(PgStatement.java:313)
	at com.zaxxer.hikari.pool.ProxyStatement.execute(ProxyStatement.java:95)
	at com.zaxxer.hikari.pool.HikariProxyStatement.execute(HikariProxyStatement.java)
	at org.hibernate.tool.schema.internal.exec.GenerationTargetToDatabase.accept(GenerationTargetToDatabase.java:80)
	... 40 common frames omitted
2025-12-08 10:03:54 [restartedMain] INFO  o.s.o.j.LocalContainerEntityManagerFactoryBean - Initialized JPA EntityManagerFactory for persistence unit 'default'
2025-12-08 10:03:54 [restartedMain] INFO  o.s.d.j.r.query.QueryEnhancerFactory - Hibernate is in classpath; If applicable, HQL parser will be used.
2025-12-08 10:03:58 [restartedMain] WARN  s.s.n.service.EmailService - ⚠️ EmailService initialisé sans JavaMailSender - Mode simulation
2025-12-08 10:03:58 [restartedMain] WARN  s.s.notification.service.SmsService - ⚠️ SmsService initialisé sans RestTemplate - Mode simulation
2025-12-08 10:04:00 [restartedMain] DEBUG o.s.w.s.m.m.a.RequestMappingHandlerMapping - 280 mappings in 'requestMappingHandlerMapping'
2025-12-08 10:04:00 [restartedMain] DEBUG o.s.w.s.h.SimpleUrlHandlerMapping - Patterns [/webjars/**, /**, /swagger-ui*/*swagger-initializer.js, /swagger-ui*/**] in 'resourceHandlerMapping'
2025-12-08 10:04:01 [restartedMain] INFO  o.s.b.a.e.web.EndpointLinksResolver - Exposing 3 endpoints beneath base path '/actuator'
2025-12-08 10:04:01 [restartedMain] DEBUG o.s.s.c.a.a.c.AuthenticationConfiguration$DefaultPasswordEncoderAuthenticationManagerBuilder - No authenticationProviders and no parentAuthenticationManager defined. Returning null.
2025-12-08 10:04:01 [restartedMain] DEBUG o.s.s.web.DefaultSecurityFilterChain - Will secure any request with filters: DisableEncodeUrlFilter, WebAsyncManagerIntegrationFilter, SecurityContextHolderFilter, HeaderWriterFilter, CorsFilter, LogoutFilter, JwtAuthenticationFilter, RequestCacheAwareFilter, SecurityContextHolderAwareRequestFilter, AnonymousAuthenticationFilter, SessionManagementFilter, ExceptionTranslationFilter, AuthorizationFilter
2025-12-08 10:04:01 [restartedMain] DEBUG o.s.w.s.m.m.a.RequestMappingHandlerAdapter - ControllerAdvice beans: 0 @ModelAttribute, 0 @InitBinder, 1 RequestBodyAdvice, 1 ResponseBodyAdvice
2025-12-08 10:04:01 [restartedMain] DEBUG o.s.w.s.m.m.a.ExceptionHandlerExceptionResolver - ControllerAdvice beans: 2 @ExceptionHandler, 1 ResponseBodyAdvice
2025-12-08 10:04:02 [restartedMain] INFO  o.s.b.a.h.H2ConsoleAutoConfiguration - H2 console available at '/h2-console'. Database available at 'jdbc:postgresql://localhost:5432/sunufarmasi-develop'
2025-12-08 10:04:02 [restartedMain] INFO  o.s.b.d.a.OptionalLiveReloadServer - LiveReload server is running on port 35729
2025-12-08 10:04:02 [restartedMain] INFO  o.s.b.w.e.tomcat.TomcatWebServer - Tomcat started on port 8080 (http) with context path '/'
2025-12-08 10:04:02 [restartedMain] INFO  s.s.SunuFarmasiApiApplication - Started SunuFarmasiApiApplication in 22.299 seconds (process running for 23.641)
2025-12-08 10:04:13 [http-nio-8080-exec-1] INFO  o.a.c.c.C.[Tomcat].[localhost].[/] - Initializing Spring DispatcherServlet 'dispatcherServlet'
2025-12-08 10:04:13 [http-nio-8080-exec-1] INFO  o.s.web.servlet.DispatcherServlet - Initializing Servlet 'dispatcherServlet'
2025-12-08 10:04:13 [http-nio-8080-exec-1] DEBUG o.s.web.servlet.DispatcherServlet - Detected StandardServletMultipartResolver
2025-12-08 10:04:13 [http-nio-8080-exec-1] DEBUG o.s.web.servlet.DispatcherServlet - Detected AcceptHeaderLocaleResolver
2025-12-08 10:04:13 [http-nio-8080-exec-1] DEBUG o.s.web.servlet.DispatcherServlet - Detected FixedThemeResolver
2025-12-08 10:04:13 [http-nio-8080-exec-1] DEBUG o.s.web.servlet.DispatcherServlet - Detected org.springframework.web.servlet.view.DefaultRequestToViewNameTranslator@135cde6
2025-12-08 10:04:13 [http-nio-8080-exec-1] DEBUG o.s.web.servlet.DispatcherServlet - Detected org.springframework.web.servlet.support.SessionFlashMapManager@39e5b4
2025-12-08 10:04:13 [http-nio-8080-exec-1] DEBUG o.s.web.servlet.DispatcherServlet - enableLoggingRequestDetails='false': request parameters and headers will be masked to prevent unsafe logging of potentially sensitive data
2025-12-08 10:04:13 [http-nio-8080-exec-1] INFO  o.s.web.servlet.DispatcherServlet - Completed initialization in 2 ms
2025-12-08 10:04:13 [http-nio-8080-exec-1] DEBUG o.s.security.web.FilterChainProxy - Securing GET /api/v1/public/gardes/proches?lat=37.4219983&lng=-122.084&rayon=15.0
2025-12-08 10:04:13 [http-nio-8080-exec-1] DEBUG o.s.s.w.a.AnonymousAuthenticationFilter - Set SecurityContextHolder to anonymous SecurityContext
2025-12-08 10:04:13 [http-nio-8080-exec-1] DEBUG o.s.security.web.FilterChainProxy - Secured GET /api/v1/public/gardes/proches?lat=37.4219983&lng=-122.084&rayon=15.0
2025-12-08 10:04:13 [http-nio-8080-exec-1] DEBUG o.s.web.servlet.DispatcherServlet - GET "/api/v1/public/gardes/proches?lat=37.4219983&lng=-122.084&rayon=15.0", parameters={masked}
2025-12-08 10:04:13 [http-nio-8080-exec-1] DEBUG o.s.w.s.m.m.a.RequestMappingHandlerMapping - Mapped to sn.sunufarmasi.shared.controller.PublicApiController#getGardesProches(double, double, double)
2025-12-08 10:04:13 [http-nio-8080-exec-1] INFO  s.s.s.controller.PublicApiController - GET /api/v1/public/gardes/proches - lat=37.4219983, lng=-122.084, rayon=15.0km
2025-12-08 10:04:13 [http-nio-8080-exec-1] DEBUG org.hibernate.SQL - 
    /* SELECT
        g 
    FROM
        Garde g 
    WHERE
        :today BETWEEN g.dateDebut AND g.dateFin 
        AND g.statut NOT IN ('ANNULEE') 
    ORDER BY
        g.zoneNom */ select
            g1_0.id,
            g1_0.commune_id,
            g1_0.confirme_par_pharmacie,
            g1_0.created_at,
            g1_0.cree_par_id,
            g1_0.cree_par_nom,
            g1_0.date_confirmation,
            g1_0.date_debut,
            g1_0.date_fin,
            g1_0.date_notification,
            g1_0.date_rappel,
            g1_0.departement_id,
            g1_0.est_remplacement,
            g1_0.garde_remplacee_id,
            g1_0.heure_debut,
            g1_0.heure_fin,
            g1_0.latitude,
            g1_0.longitude,
            g1_0.motif_annulation,
            g1_0.notes,
            g1_0.notification_envoyee,
            g1_0.numero_semaine,
            g1_0.pharmacie_id,
            g1_0.planning_id,
            g1_0.rappel_envoye,
            g1_0.statut,
            g1_0.type_garde,
            g1_0.updated_at,
            g1_0.zone_nom 
        from
            gardes g1_0 
        where
            ? between g1_0.date_debut and g1_0.date_fin 
            and g1_0.statut not in ('ANNULEE') 
        order by
            g1_0.zone_nom
2025-12-08 10:04:14 [http-nio-8080-exec-1] DEBUG org.hibernate.SQL - 
    select
        p1_0.id,
        p1_0.accepte_commandes,
        p1_0.adresse_complete,
        p1_0.agrement_ministere_url,
        p1_0.assurance_url,
        p1_0.code,
        p1_0.commune_id,
        p1_0.created_at,
        p1_0.date_ouverture,
        p1_0.date_validation,
        p1_0.email,
        p1_0.horaires,
        p1_0.latitude,
        p1_0.lien_google_maps,
        p1_0.logo_url,
        p1_0.longitude,
        p1_0.motif_rejet,
        p1_0.nom,
        p1_0.notifications_actives,
        p1_0.numero_agrement_ministere,
        p1_0.numero_ordre,
        p1_0.pharmacien_proprietaire_id,
        p1_0.photo_facade_url,
        p1_0.photos_interieures_urls,
        p1_0.propose_livraison,
        p1_0.quartier,
        p1_0.raison_sociale,
        p1_0.rayon_livraison_km,
        p1_0.registre_commerce_url,
        p1_0.site_web,
        p1_0.statut,
        p1_0.syndicat_id,
        p1_0.telephone,
        p1_0.telephone_secondaire,
        p1_0.updated_at,
        p1_0.valide_par_id,
        p1_0.valide_par_nom 
    from
        pharmacies p1_0 
    where
        p1_0.id=?
2025-12-08 10:04:14 [http-nio-8080-exec-1] DEBUG org.hibernate.SQL - 
    select
        c1_0.id,
        c1_0.actif,
        c1_0.altitude,
        c1_0.arrondissement,
        c1_0.code,
        c1_0.code_postal,
        c1_0.created_at,
        c1_0.departement_id,
        c1_0.latitude,
        c1_0.longitude,
        c1_0.nom,
        c1_0.ordre,
        c1_0.population,
        c1_0.superficie,
        c1_0.type_commune,
        c1_0.updated_at,
        c1_0.zone_urbaine 
    from
        communes c1_0 
    where
        c1_0.id=?
2025-12-08 10:04:14 [http-nio-8080-exec-1] DEBUG org.hibernate.SQL - 
    select
        d1_0.id,
        d1_0.actif,
        d1_0.chef_lieu,
        d1_0.code,
        d1_0.created_at,
        d1_0.latitude,
        d1_0.longitude,
        d1_0.nom,
        d1_0.ordre,
        d1_0.population,
        d1_0.region_id,
        d1_0.superficie,
        d1_0.updated_at 
    from
        departements d1_0 
    where
        d1_0.id=?
2025-12-08 10:04:14 [http-nio-8080-exec-1] DEBUG org.hibernate.SQL - 
    select
        r1_0.id,
        r1_0.actif,
        r1_0.chef_lieu,
        r1_0.code,
        r1_0.created_at,
        r1_0.latitude,
        r1_0.longitude,
        r1_0.nom,
        r1_0.ordre,
        r1_0.pays_id,
        r1_0.population,
        r1_0.superficie,
        r1_0.updated_at 
    from
        regions r1_0 
    where
        r1_0.id=?
2025-12-08 10:04:14 [http-nio-8080-exec-1] DEBUG org.hibernate.SQL - 
    select
        p1_0.id,
        p1_0.actif,
        p1_0.annee_diplome,
        p1_0.carte_ordre_url,
        p1_0.cin_url,
        p1_0.compte_verifie,
        p1_0.created_at,
        p1_0.date_debut_abonnement,
        p1_0.date_debut_essai,
        p1_0.date_dernier_paiement,
        p1_0.date_fin_abonnement,
        p1_0.date_fin_essai,
        p1_0.date_naissance,
        p1_0.date_verification_compte,
        p1_0.derniere_connexion,
        p1_0.diplome_url,
        p1_0.email,
        p1_0.essai_gratuit,
        p1_0.montant_mensuel,
        p1_0.mot_de_passe_hash,
        p1_0.nom,
        p1_0.nombre_employes_max,
        p1_0.nombre_pharmacies_actuelles,
        p1_0.nombre_pharmacies_max,
        p1_0.notifications_email,
        p1_0.notifications_push,
        p1_0.notifications_sms,
        p1_0.numero_ordre_national,
        p1_0.photo_url,
        p1_0.plan,
        p1_0.prenom,
        p1_0.prochain_paiement,
        p1_0.renouvellement_automatique,
        p1_0.sexe,
        p1_0.statut_abonnement,
        p1_0.telephone,
        p1_0.type,
        p1_0.universite_formation,
        p1_0.updated_at,
        p1_0.valide_par_ordre 
    from
        pharmaciens p1_0 
    where
        p1_0.id=?
2025-12-08 10:04:14 [http-nio-8080-exec-1] DEBUG org.hibernate.SQL - 
    select
        p1_0.id,
        p1_0.accepte_commandes,
        p1_0.adresse_complete,
        p1_0.agrement_ministere_url,
        p1_0.assurance_url,
        p1_0.code,
        p1_0.commune_id,
        p1_0.created_at,
        p1_0.date_ouverture,
        p1_0.date_validation,
        p1_0.email,
        p1_0.horaires,
        p1_0.latitude,
        p1_0.lien_google_maps,
        p1_0.logo_url,
        p1_0.longitude,
        p1_0.motif_rejet,
        p1_0.nom,
        p1_0.notifications_actives,
        p1_0.numero_agrement_ministere,
        p1_0.numero_ordre,
        p1_0.pharmacien_proprietaire_id,
        p1_0.photo_facade_url,
        p1_0.photos_interieures_urls,
        p1_0.propose_livraison,
        p1_0.quartier,
        p1_0.raison_sociale,
        p1_0.rayon_livraison_km,
        p1_0.registre_commerce_url,
        p1_0.site_web,
        p1_0.statut,
        p1_0.syndicat_id,
        p1_0.telephone,
        p1_0.telephone_secondaire,
        p1_0.updated_at,
        p1_0.valide_par_id,
        p1_0.valide_par_nom 
    from
        pharmacies p1_0 
    where
        p1_0.id=?
2025-12-08 10:04:14 [http-nio-8080-exec-1] DEBUG org.hibernate.SQL - 
    select
        c1_0.id,
        c1_0.actif,
        c1_0.altitude,
        c1_0.arrondissement,
        c1_0.code,
        c1_0.code_postal,
        c1_0.created_at,
        c1_0.departement_id,
        c1_0.latitude,
        c1_0.longitude,
        c1_0.nom,
        c1_0.ordre,
        c1_0.population,
        c1_0.superficie,
        c1_0.type_commune,
        c1_0.updated_at,
        c1_0.zone_urbaine 
    from
        communes c1_0 
    where
        c1_0.id=?
2025-12-08 10:04:14 [http-nio-8080-exec-1] DEBUG org.hibernate.SQL - 
    select
        p1_0.id,
        p1_0.actif,
        p1_0.annee_diplome,
        p1_0.carte_ordre_url,
        p1_0.cin_url,
        p1_0.compte_verifie,
        p1_0.created_at,
        p1_0.date_debut_abonnement,
        p1_0.date_debut_essai,
        p1_0.date_dernier_paiement,
        p1_0.date_fin_abonnement,
        p1_0.date_fin_essai,
        p1_0.date_naissance,
        p1_0.date_verification_compte,
        p1_0.derniere_connexion,
        p1_0.diplome_url,
        p1_0.email,
        p1_0.essai_gratuit,
        p1_0.montant_mensuel,
        p1_0.mot_de_passe_hash,
        p1_0.nom,
        p1_0.nombre_employes_max,
        p1_0.nombre_pharmacies_actuelles,
        p1_0.nombre_pharmacies_max,
        p1_0.notifications_email,
        p1_0.notifications_push,
        p1_0.notifications_sms,
        p1_0.numero_ordre_national,
        p1_0.photo_url,
        p1_0.plan,
        p1_0.prenom,
        p1_0.prochain_paiement,
        p1_0.renouvellement_automatique,
        p1_0.sexe,
        p1_0.statut_abonnement,
        p1_0.telephone,
        p1_0.type,
        p1_0.universite_formation,
        p1_0.updated_at,
        p1_0.valide_par_ordre 
    from
        pharmaciens p1_0 
    where
        p1_0.id=?
2025-12-08 10:04:14 [http-nio-8080-exec-1] DEBUG org.hibernate.SQL - 
    select
        p1_0.id,
        p1_0.accepte_commandes,
        p1_0.adresse_complete,
        p1_0.agrement_ministere_url,
        p1_0.assurance_url,
        p1_0.code,
        p1_0.commune_id,
        p1_0.created_at,
        p1_0.date_ouverture,
        p1_0.date_validation,
        p1_0.email,
        p1_0.horaires,
        p1_0.latitude,
        p1_0.lien_google_maps,
        p1_0.logo_url,
        p1_0.longitude,
        p1_0.motif_rejet,
        p1_0.nom,
        p1_0.notifications_actives,
        p1_0.numero_agrement_ministere,
        p1_0.numero_ordre,
        p1_0.pharmacien_proprietaire_id,
        p1_0.photo_facade_url,
        p1_0.photos_interieures_urls,
        p1_0.propose_livraison,
        p1_0.quartier,
        p1_0.raison_sociale,
        p1_0.rayon_livraison_km,
        p1_0.registre_commerce_url,
        p1_0.site_web,
        p1_0.statut,
        p1_0.syndicat_id,
        p1_0.telephone,
        p1_0.telephone_secondaire,
        p1_0.updated_at,
        p1_0.valide_par_id,
        p1_0.valide_par_nom 
    from
        pharmacies p1_0 
    where
        p1_0.id=?
2025-12-08 10:04:14 [http-nio-8080-exec-1] DEBUG org.hibernate.SQL - 
    select
        c1_0.id,
        c1_0.actif,
        c1_0.altitude,
        c1_0.arrondissement,
        c1_0.code,
        c1_0.code_postal,
        c1_0.created_at,
        c1_0.departement_id,
        c1_0.latitude,
        c1_0.longitude,
        c1_0.nom,
        c1_0.ordre,
        c1_0.population,
        c1_0.superficie,
        c1_0.type_commune,
        c1_0.updated_at,
        c1_0.zone_urbaine 
    from
        communes c1_0 
    where
        c1_0.id=?
2025-12-08 10:04:14 [http-nio-8080-exec-1] DEBUG org.hibernate.SQL - 
    select
        p1_0.id,
        p1_0.actif,
        p1_0.annee_diplome,
        p1_0.carte_ordre_url,
        p1_0.cin_url,
        p1_0.compte_verifie,
        p1_0.created_at,
        p1_0.date_debut_abonnement,
        p1_0.date_debut_essai,
        p1_0.date_dernier_paiement,
        p1_0.date_fin_abonnement,
        p1_0.date_fin_essai,
        p1_0.date_naissance,
        p1_0.date_verification_compte,
        p1_0.derniere_connexion,
        p1_0.diplome_url,
        p1_0.email,
        p1_0.essai_gratuit,
        p1_0.montant_mensuel,
        p1_0.mot_de_passe_hash,
        p1_0.nom,
        p1_0.nombre_employes_max,
        p1_0.nombre_pharmacies_actuelles,
        p1_0.nombre_pharmacies_max,
        p1_0.notifications_email,
        p1_0.notifications_push,
        p1_0.notifications_sms,
        p1_0.numero_ordre_national,
        p1_0.photo_url,
        p1_0.plan,
        p1_0.prenom,
        p1_0.prochain_paiement,
        p1_0.renouvellement_automatique,
        p1_0.sexe,
        p1_0.statut_abonnement,
        p1_0.telephone,
        p1_0.type,
        p1_0.universite_formation,
        p1_0.updated_at,
        p1_0.valide_par_ordre 
    from
        pharmaciens p1_0 
    where
        p1_0.id=?
2025-12-08 10:04:14 [http-nio-8080-exec-1] DEBUG o.s.w.s.m.m.a.HttpEntityMethodProcessor - Using 'application/json', given [application/json] and supported [application/json, application/*+json, application/yaml]
2025-12-08 10:04:14 [http-nio-8080-exec-1] DEBUG o.s.w.s.m.m.a.HttpEntityMethodProcessor - Writing [ApiResponse[success=true, message=Pharmacies de garde dans un rayon de 15 km, data=[], error=null, m (truncated)...]
2025-12-08 10:04:14 [http-nio-8080-exec-1] DEBUG o.s.web.servlet.DispatcherServlet - Completed 200 OK
2025-12-08 10:04:14 [http-nio-8080-exec-2] DEBUG o.s.security.web.FilterChainProxy - Securing GET /api/v1/public/pharmacies/proches?lat=37.4219983&lng=-122.084&rayon=15.0
2025-12-08 10:04:14 [http-nio-8080-exec-2] DEBUG o.s.s.w.a.AnonymousAuthenticationFilter - Set SecurityContextHolder to anonymous SecurityContext
2025-12-08 10:04:14 [http-nio-8080-exec-2] DEBUG o.s.security.web.FilterChainProxy - Secured GET /api/v1/public/pharmacies/proches?lat=37.4219983&lng=-122.084&rayon=15.0
2025-12-08 10:04:14 [http-nio-8080-exec-2] DEBUG o.s.web.servlet.DispatcherServlet - GET "/api/v1/public/pharmacies/proches?lat=37.4219983&lng=-122.084&rayon=15.0", parameters={masked}
2025-12-08 10:04:14 [http-nio-8080-exec-2] DEBUG o.s.w.s.m.m.a.RequestMappingHandlerMapping - Mapped to sn.sunufarmasi.shared.controller.PublicApiController#getPharmaciesProches(double, double, double)
2025-12-08 10:04:14 [http-nio-8080-exec-2] INFO  s.s.s.controller.PublicApiController - GET /api/v1/public/pharmacies/proches - lat=37.4219983, lng=-122.084, rayon=15.0km
2025-12-08 10:04:14 [http-nio-8080-exec-2] DEBUG org.hibernate.SQL - 
    /* SELECT
        p 
    FROM
        Pharmacie p 
    WHERE
        p.statut = 'ACTIVE' 
        AND p.latitude IS NOT NULL 
        AND p.longitude IS NOT NULL 
        AND (
            6371 * acos(cos(radians(:lat)) * cos(radians(p.latitude)) * cos(radians(p.longitude) - radians(:lon)) + sin(radians(:lat)) * sin(radians(p.latitude)))
        ) <= :rayonKm 
    ORDER BY
        (6371 * acos(cos(radians(:lat)) * cos(radians(p.latitude)) * cos(radians(p.longitude) - radians(:lon)) + sin(radians(:lat)) * sin(radians(p.latitude)))) */ select
            p1_0.id,
            p1_0.accepte_commandes,
            p1_0.adresse_complete,
            p1_0.agrement_ministere_url,
            p1_0.assurance_url,
            p1_0.code,
            p1_0.commune_id,
            p1_0.created_at,
            p1_0.date_ouverture,
            p1_0.date_validation,
            p1_0.email,
            p1_0.horaires,
            p1_0.latitude,
            p1_0.lien_google_maps,
            p1_0.logo_url,
            p1_0.longitude,
            p1_0.motif_rejet,
            p1_0.nom,
            p1_0.notifications_actives,
            p1_0.numero_agrement_ministere,
            p1_0.numero_ordre,
            p1_0.pharmacien_proprietaire_id,
            p1_0.photo_facade_url,
            p1_0.photos_interieures_urls,
            p1_0.propose_livraison,
            p1_0.quartier,
            p1_0.raison_sociale,
            p1_0.rayon_livraison_km,
            p1_0.registre_commerce_url,
            p1_0.site_web,
            p1_0.statut,
            p1_0.syndicat_id,
            p1_0.telephone,
            p1_0.telephone_secondaire,
            p1_0.updated_at,
            p1_0.valide_par_id,
            p1_0.valide_par_nom 
        from
            pharmacies p1_0 
        where
            p1_0.statut='ACTIVE' 
            and p1_0.latitude is not null 
            and p1_0.longitude is not null 
            and (
                6371*acos((((cos(radians(?))*cos(radians(p1_0.latitude)))*cos((radians(p1_0.longitude)-radians(?))))+(sin(radians(?))*sin(radians(p1_0.latitude)))))
            )<=? 
        order by
            (6371*acos((((cos(radians(?))*cos(radians(p1_0.latitude)))*cos((radians(p1_0.longitude)-radians(?))))+(sin(radians(?))*sin(radians(p1_0.latitude))))))
2025-12-08 10:04:14 [http-nio-8080-exec-2] DEBUG o.s.w.s.m.m.a.HttpEntityMethodProcessor - Using 'application/json', given [application/json] and supported [application/json, application/*+json, application/yaml]
2025-12-08 10:04:14 [http-nio-8080-exec-2] DEBUG o.s.w.s.m.m.a.HttpEntityMethodProcessor - Writing [ApiResponse[success=true, message=Pharmacies dans un rayon de 15 km, data=[], error=null, metadata=n (truncated)...]
2025-12-08 10:04:14 [http-nio-8080-exec-2] DEBUG o.s.web.servlet.DispatcherServlet - Completed 200 OK
2025-12-08 10:04:26 [http-nio-8080-exec-5] DEBUG o.s.security.web.FilterChainProxy - Securing GET /api/v1/public/gardes/proches?lat=37.4219983&lng=-122.084&rayon=15.0
2025-12-08 10:04:26 [http-nio-8080-exec-5] DEBUG o.s.s.w.a.AnonymousAuthenticationFilter - Set SecurityContextHolder to anonymous SecurityContext
2025-12-08 10:04:26 [http-nio-8080-exec-5] DEBUG o.s.security.web.FilterChainProxy - Secured GET /api/v1/public/gardes/proches?lat=37.4219983&lng=-122.084&rayon=15.0
2025-12-08 10:04:26 [http-nio-8080-exec-5] DEBUG o.s.web.servlet.DispatcherServlet - GET "/api/v1/public/gardes/proches?lat=37.4219983&lng=-122.084&rayon=15.0", parameters={masked}
2025-12-08 10:04:26 [http-nio-8080-exec-5] DEBUG o.s.w.s.m.m.a.RequestMappingHandlerMapping - Mapped to sn.sunufarmasi.shared.controller.PublicApiController#getGardesProches(double, double, double)
2025-12-08 10:04:26 [http-nio-8080-exec-5] INFO  s.s.s.controller.PublicApiController - GET /api/v1/public/gardes/proches - lat=37.4219983, lng=-122.084, rayon=15.0km
2025-12-08 10:04:26 [http-nio-8080-exec-5] DEBUG org.hibernate.SQL - 
    /* SELECT
        g 
    FROM
        Garde g 
    WHERE
        :today BETWEEN g.dateDebut AND g.dateFin 
        AND g.statut NOT IN ('ANNULEE') 
    ORDER BY
        g.zoneNom */ select
            g1_0.id,
            g1_0.commune_id,
            g1_0.confirme_par_pharmacie,
            g1_0.created_at,
            g1_0.cree_par_id,
            g1_0.cree_par_nom,
            g1_0.date_confirmation,
            g1_0.date_debut,
            g1_0.date_fin,
            g1_0.date_notification,
            g1_0.date_rappel,
            g1_0.departement_id,
            g1_0.est_remplacement,
            g1_0.garde_remplacee_id,
            g1_0.heure_debut,
            g1_0.heure_fin,
            g1_0.latitude,
            g1_0.longitude,
            g1_0.motif_annulation,
            g1_0.notes,
            g1_0.notification_envoyee,
            g1_0.numero_semaine,
            g1_0.pharmacie_id,
            g1_0.planning_id,
            g1_0.rappel_envoye,
            g1_0.statut,
            g1_0.type_garde,
            g1_0.updated_at,
            g1_0.zone_nom 
        from
            gardes g1_0 
        where
            ? between g1_0.date_debut and g1_0.date_fin 
            and g1_0.statut not in ('ANNULEE') 
        order by
            g1_0.zone_nom
2025-12-08 10:04:26 [http-nio-8080-exec-5] DEBUG org.hibernate.SQL - 
    select
        p1_0.id,
        p1_0.accepte_commandes,
        p1_0.adresse_complete,
        p1_0.agrement_ministere_url,
        p1_0.assurance_url,
        p1_0.code,
        p1_0.commune_id,
        p1_0.created_at,
        p1_0.date_ouverture,
        p1_0.date_validation,
        p1_0.email,
        p1_0.horaires,
        p1_0.latitude,
        p1_0.lien_google_maps,
        p1_0.logo_url,
        p1_0.longitude,
        p1_0.motif_rejet,
        p1_0.nom,
        p1_0.notifications_actives,
        p1_0.numero_agrement_ministere,
        p1_0.numero_ordre,
        p1_0.pharmacien_proprietaire_id,
        p1_0.photo_facade_url,
        p1_0.photos_interieures_urls,
        p1_0.propose_livraison,
        p1_0.quartier,
        p1_0.raison_sociale,
        p1_0.rayon_livraison_km,
        p1_0.registre_commerce_url,
        p1_0.site_web,
        p1_0.statut,
        p1_0.syndicat_id,
        p1_0.telephone,
        p1_0.telephone_secondaire,
        p1_0.updated_at,
        p1_0.valide_par_id,
        p1_0.valide_par_nom 
    from
        pharmacies p1_0 
    where
        p1_0.id=?
2025-12-08 10:04:26 [http-nio-8080-exec-5] DEBUG org.hibernate.SQL - 
    select
        c1_0.id,
        c1_0.actif,
        c1_0.altitude,
        c1_0.arrondissement,
        c1_0.code,
        c1_0.code_postal,
        c1_0.created_at,
        c1_0.departement_id,
        c1_0.latitude,
        c1_0.longitude,
        c1_0.nom,
        c1_0.ordre,
        c1_0.population,
        c1_0.superficie,
        c1_0.type_commune,
        c1_0.updated_at,
        c1_0.zone_urbaine 
    from
        communes c1_0 
    where
        c1_0.id=?
2025-12-08 10:04:26 [http-nio-8080-exec-5] DEBUG org.hibernate.SQL - 
    select
        d1_0.id,
        d1_0.actif,
        d1_0.chef_lieu,
        d1_0.code,
        d1_0.created_at,
        d1_0.latitude,
        d1_0.longitude,
        d1_0.nom,
        d1_0.ordre,
        d1_0.population,
        d1_0.region_id,
        d1_0.superficie,
        d1_0.updated_at 
    from
        departements d1_0 
    where
        d1_0.id=?
2025-12-08 10:04:26 [http-nio-8080-exec-5] DEBUG org.hibernate.SQL - 
    select
        r1_0.id,
        r1_0.actif,
        r1_0.chef_lieu,
        r1_0.code,
        r1_0.created_at,
        r1_0.latitude,
        r1_0.longitude,
        r1_0.nom,
        r1_0.ordre,
        r1_0.pays_id,
        r1_0.population,
        r1_0.superficie,
        r1_0.updated_at 
    from
        regions r1_0 
    where
        r1_0.id=?
2025-12-08 10:04:26 [http-nio-8080-exec-5] DEBUG org.hibernate.SQL - 
    select
        p1_0.id,
        p1_0.actif,
        p1_0.annee_diplome,
        p1_0.carte_ordre_url,
        p1_0.cin_url,
        p1_0.compte_verifie,
        p1_0.created_at,
        p1_0.date_debut_abonnement,
        p1_0.date_debut_essai,
        p1_0.date_dernier_paiement,
        p1_0.date_fin_abonnement,
        p1_0.date_fin_essai,
        p1_0.date_naissance,
        p1_0.date_verification_compte,
        p1_0.derniere_connexion,
        p1_0.diplome_url,
        p1_0.email,
        p1_0.essai_gratuit,
        p1_0.montant_mensuel,
        p1_0.mot_de_passe_hash,
        p1_0.nom,
        p1_0.nombre_employes_max,
        p1_0.nombre_pharmacies_actuelles,
        p1_0.nombre_pharmacies_max,
        p1_0.notifications_email,
        p1_0.notifications_push,
        p1_0.notifications_sms,
        p1_0.numero_ordre_national,
        p1_0.photo_url,
        p1_0.plan,
        p1_0.prenom,
        p1_0.prochain_paiement,
        p1_0.renouvellement_automatique,
        p1_0.sexe,
        p1_0.statut_abonnement,
        p1_0.telephone,
        p1_0.type,
        p1_0.universite_formation,
        p1_0.updated_at,
        p1_0.valide_par_ordre 
    from
        pharmaciens p1_0 
    where
        p1_0.id=?
2025-12-08 10:04:26 [http-nio-8080-exec-5] DEBUG org.hibernate.SQL - 
    select
        p1_0.id,
        p1_0.accepte_commandes,
        p1_0.adresse_complete,
        p1_0.agrement_ministere_url,
        p1_0.assurance_url,
        p1_0.code,
        p1_0.commune_id,
        p1_0.created_at,
        p1_0.date_ouverture,
        p1_0.date_validation,
        p1_0.email,
        p1_0.horaires,
        p1_0.latitude,
        p1_0.lien_google_maps,
        p1_0.logo_url,
        p1_0.longitude,
        p1_0.motif_rejet,
        p1_0.nom,
        p1_0.notifications_actives,
        p1_0.numero_agrement_ministere,
        p1_0.numero_ordre,
        p1_0.pharmacien_proprietaire_id,
        p1_0.photo_facade_url,
        p1_0.photos_interieures_urls,
        p1_0.propose_livraison,
        p1_0.quartier,
        p1_0.raison_sociale,
        p1_0.rayon_livraison_km,
        p1_0.registre_commerce_url,
        p1_0.site_web,
        p1_0.statut,
        p1_0.syndicat_id,
        p1_0.telephone,
        p1_0.telephone_secondaire,
        p1_0.updated_at,
        p1_0.valide_par_id,
        p1_0.valide_par_nom 
    from
        pharmacies p1_0 
    where
        p1_0.id=?
2025-12-08 10:04:26 [http-nio-8080-exec-5] DEBUG org.hibernate.SQL - 
    select
        c1_0.id,
        c1_0.actif,
        c1_0.altitude,
        c1_0.arrondissement,
        c1_0.code,
        c1_0.code_postal,
        c1_0.created_at,
        c1_0.departement_id,
        c1_0.latitude,
        c1_0.longitude,
        c1_0.nom,
        c1_0.ordre,
        c1_0.population,
        c1_0.superficie,
        c1_0.type_commune,
        c1_0.updated_at,
        c1_0.zone_urbaine 
    from
        communes c1_0 
    where
        c1_0.id=?
2025-12-08 10:04:26 [http-nio-8080-exec-5] DEBUG org.hibernate.SQL - 
    select
        p1_0.id,
        p1_0.actif,
        p1_0.annee_diplome,
        p1_0.carte_ordre_url,
        p1_0.cin_url,
        p1_0.compte_verifie,
        p1_0.created_at,
        p1_0.date_debut_abonnement,
        p1_0.date_debut_essai,
        p1_0.date_dernier_paiement,
        p1_0.date_fin_abonnement,
        p1_0.date_fin_essai,
        p1_0.date_naissance,
        p1_0.date_verification_compte,
        p1_0.derniere_connexion,
        p1_0.diplome_url,
        p1_0.email,
        p1_0.essai_gratuit,
        p1_0.montant_mensuel,
        p1_0.mot_de_passe_hash,
        p1_0.nom,
        p1_0.nombre_employes_max,
        p1_0.nombre_pharmacies_actuelles,
        p1_0.nombre_pharmacies_max,
        p1_0.notifications_email,
        p1_0.notifications_push,
        p1_0.notifications_sms,
        p1_0.numero_ordre_national,
        p1_0.photo_url,
        p1_0.plan,
        p1_0.prenom,
        p1_0.prochain_paiement,
        p1_0.renouvellement_automatique,
        p1_0.sexe,
        p1_0.statut_abonnement,
        p1_0.telephone,
        p1_0.type,
        p1_0.universite_formation,
        p1_0.updated_at,
        p1_0.valide_par_ordre 
    from
        pharmaciens p1_0 
    where
        p1_0.id=?
2025-12-08 10:04:26 [http-nio-8080-exec-5] DEBUG org.hibernate.SQL - 
    select
        p1_0.id,
        p1_0.accepte_commandes,
        p1_0.adresse_complete,
        p1_0.agrement_ministere_url,
        p1_0.assurance_url,
        p1_0.code,
        p1_0.commune_id,
        p1_0.created_at,
        p1_0.date_ouverture,
        p1_0.date_validation,
        p1_0.email,
        p1_0.horaires,
        p1_0.latitude,
        p1_0.lien_google_maps,
        p1_0.logo_url,
        p1_0.longitude,
        p1_0.motif_rejet,
        p1_0.nom,
        p1_0.notifications_actives,
        p1_0.numero_agrement_ministere,
        p1_0.numero_ordre,
        p1_0.pharmacien_proprietaire_id,
        p1_0.photo_facade_url,
        p1_0.photos_interieures_urls,
        p1_0.propose_livraison,
        p1_0.quartier,
        p1_0.raison_sociale,
        p1_0.rayon_livraison_km,
        p1_0.registre_commerce_url,
        p1_0.site_web,
        p1_0.statut,
        p1_0.syndicat_id,
        p1_0.telephone,
        p1_0.telephone_secondaire,
        p1_0.updated_at,
        p1_0.valide_par_id,
        p1_0.valide_par_nom 
    from
        pharmacies p1_0 
    where
        p1_0.id=?
2025-12-08 10:04:26 [http-nio-8080-exec-5] DEBUG org.hibernate.SQL - 
    select
        c1_0.id,
        c1_0.actif,
        c1_0.altitude,
        c1_0.arrondissement,
        c1_0.code,
        c1_0.code_postal,
        c1_0.created_at,
        c1_0.departement_id,
        c1_0.latitude,
        c1_0.longitude,
        c1_0.nom,
        c1_0.ordre,
        c1_0.population,
        c1_0.superficie,
        c1_0.type_commune,
        c1_0.updated_at,
        c1_0.zone_urbaine 
    from
        communes c1_0 
    where
        c1_0.id=?
2025-12-08 10:04:26 [http-nio-8080-exec-5] DEBUG org.hibernate.SQL - 
    select
        p1_0.id,
        p1_0.actif,
        p1_0.annee_diplome,
        p1_0.carte_ordre_url,
        p1_0.cin_url,
        p1_0.compte_verifie,
        p1_0.created_at,
        p1_0.date_debut_abonnement,
        p1_0.date_debut_essai,
        p1_0.date_dernier_paiement,
        p1_0.date_fin_abonnement,
        p1_0.date_fin_essai,
        p1_0.date_naissance,
        p1_0.date_verification_compte,
        p1_0.derniere_connexion,
        p1_0.diplome_url,
        p1_0.email,
        p1_0.essai_gratuit,
        p1_0.montant_mensuel,
        p1_0.mot_de_passe_hash,
        p1_0.nom,
        p1_0.nombre_employes_max,
        p1_0.nombre_pharmacies_actuelles,
        p1_0.nombre_pharmacies_max,
        p1_0.notifications_email,
        p1_0.notifications_push,
        p1_0.notifications_sms,
        p1_0.numero_ordre_national,
        p1_0.photo_url,
        p1_0.plan,
        p1_0.prenom,
        p1_0.prochain_paiement,
        p1_0.renouvellement_automatique,
        p1_0.sexe,
        p1_0.statut_abonnement,
        p1_0.telephone,
        p1_0.type,
        p1_0.universite_formation,
        p1_0.updated_at,
        p1_0.valide_par_ordre 
    from
        pharmaciens p1_0 
    where
        p1_0.id=?
2025-12-08 10:04:26 [http-nio-8080-exec-5] DEBUG o.s.w.s.m.m.a.HttpEntityMethodProcessor - Using 'application/json', given [application/json] and supported [application/json, application/*+json, application/yaml]
2025-12-08 10:04:26 [http-nio-8080-exec-5] DEBUG o.s.w.s.m.m.a.HttpEntityMethodProcessor - Writing [ApiResponse[success=true, message=Pharmacies de garde dans un rayon de 15 km, data=[], error=null, m (truncated)...]
2025-12-08 10:04:26 [http-nio-8080-exec-5] DEBUG o.s.web.servlet.DispatcherServlet - Completed 200 OK
2025-12-08 10:04:26 [http-nio-8080-exec-7] DEBUG o.s.security.web.FilterChainProxy - Securing GET /api/v1/public/pharmacies/proches?lat=37.4219983&lng=-122.084&rayon=15.0
2025-12-08 10:04:26 [http-nio-8080-exec-7] DEBUG o.s.s.w.a.AnonymousAuthenticationFilter - Set SecurityContextHolder to anonymous SecurityContext
2025-12-08 10:04:26 [http-nio-8080-exec-7] DEBUG o.s.security.web.FilterChainProxy - Secured GET /api/v1/public/pharmacies/proches?lat=37.4219983&lng=-122.084&rayon=15.0
2025-12-08 10:04:26 [http-nio-8080-exec-7] DEBUG o.s.web.servlet.DispatcherServlet - GET "/api/v1/public/pharmacies/proches?lat=37.4219983&lng=-122.084&rayon=15.0", parameters={masked}
2025-12-08 10:04:26 [http-nio-8080-exec-7] DEBUG o.s.w.s.m.m.a.RequestMappingHandlerMapping - Mapped to sn.sunufarmasi.shared.controller.PublicApiController#getPharmaciesProches(double, double, double)
2025-12-08 10:04:26 [http-nio-8080-exec-7] INFO  s.s.s.controller.PublicApiController - GET /api/v1/public/pharmacies/proches - lat=37.4219983, lng=-122.084, rayon=15.0km
2025-12-08 10:04:26 [http-nio-8080-exec-7] DEBUG org.hibernate.SQL - 
    /* SELECT
        p 
    FROM
        Pharmacie p 
    WHERE
        p.statut = 'ACTIVE' 
        AND p.latitude IS NOT NULL 
        AND p.longitude IS NOT NULL 
        AND (
            6371 * acos(cos(radians(:lat)) * cos(radians(p.latitude)) * cos(radians(p.longitude) - radians(:lon)) + sin(radians(:lat)) * sin(radians(p.latitude)))
        ) <= :rayonKm 
    ORDER BY
        (6371 * acos(cos(radians(:lat)) * cos(radians(p.latitude)) * cos(radians(p.longitude) - radians(:lon)) + sin(radians(:lat)) * sin(radians(p.latitude)))) */ select
            p1_0.id,
            p1_0.accepte_commandes,
            p1_0.adresse_complete,
            p1_0.agrement_ministere_url,
            p1_0.assurance_url,
            p1_0.code,
            p1_0.commune_id,
            p1_0.created_at,
            p1_0.date_ouverture,
            p1_0.date_validation,
            p1_0.email,
            p1_0.horaires,
            p1_0.latitude,
            p1_0.lien_google_maps,
            p1_0.logo_url,
            p1_0.longitude,
            p1_0.motif_rejet,
            p1_0.nom,
            p1_0.notifications_actives,
            p1_0.numero_agrement_ministere,
            p1_0.numero_ordre,
            p1_0.pharmacien_proprietaire_id,
            p1_0.photo_facade_url,
            p1_0.photos_interieures_urls,
            p1_0.propose_livraison,
            p1_0.quartier,
            p1_0.raison_sociale,
            p1_0.rayon_livraison_km,
            p1_0.registre_commerce_url,
            p1_0.site_web,
            p1_0.statut,
            p1_0.syndicat_id,
            p1_0.telephone,
            p1_0.telephone_secondaire,
            p1_0.updated_at,
            p1_0.valide_par_id,
            p1_0.valide_par_nom 
        from
            pharmacies p1_0 
        where
            p1_0.statut='ACTIVE' 
            and p1_0.latitude is not null 
            and p1_0.longitude is not null 
            and (
                6371*acos((((cos(radians(?))*cos(radians(p1_0.latitude)))*cos((radians(p1_0.longitude)-radians(?))))+(sin(radians(?))*sin(radians(p1_0.latitude)))))
            )<=? 
        order by
            (6371*acos((((cos(radians(?))*cos(radians(p1_0.latitude)))*cos((radians(p1_0.longitude)-radians(?))))+(sin(radians(?))*sin(radians(p1_0.latitude))))))
2025-12-08 10:04:26 [http-nio-8080-exec-7] DEBUG o.s.w.s.m.m.a.HttpEntityMethodProcessor - Using 'application/json', given [application/json] and supported [application/json, application/*+json, application/yaml]
2025-12-08 10:04:26 [http-nio-8080-exec-7] DEBUG o.s.w.s.m.m.a.HttpEntityMethodProcessor - Writing [ApiResponse[success=true, message=Pharmacies dans un rayon de 15 km, data=[], error=null, metadata=n (truncated)...]
2025-12-08 10:04:26 [http-nio-8080-exec-7] DEBUG o.s.web.servlet.DispatcherServlet - Completed 200 OK
2025-12-08 10:04:26 [http-nio-8080-exec-9] DEBUG o.s.security.web.FilterChainProxy - Securing GET /api/v1/public/pharmacies/proches?lat=37.4219983&lng=-122.084&rayon=15.0
2025-12-08 10:04:26 [http-nio-8080-exec-9] DEBUG o.s.s.w.a.AnonymousAuthenticationFilter - Set SecurityContextHolder to anonymous SecurityContext
2025-12-08 10:04:26 [http-nio-8080-exec-9] DEBUG o.s.security.web.FilterChainProxy - Secured GET /api/v1/public/pharmacies/proches?lat=37.4219983&lng=-122.084&rayon=15.0
2025-12-08 10:04:26 [http-nio-8080-exec-9] DEBUG o.s.web.servlet.DispatcherServlet - GET "/api/v1/public/pharmacies/proches?lat=37.4219983&lng=-122.084&rayon=15.0", parameters={masked}
2025-12-08 10:04:26 [http-nio-8080-exec-9] DEBUG o.s.w.s.m.m.a.RequestMappingHandlerMapping - Mapped to sn.sunufarmasi.shared.controller.PublicApiController#getPharmaciesProches(double, double, double)
2025-12-08 10:04:26 [http-nio-8080-exec-9] INFO  s.s.s.controller.PublicApiController - GET /api/v1/public/pharmacies/proches - lat=37.4219983, lng=-122.084, rayon=15.0km
2025-12-08 10:04:26 [http-nio-8080-exec-9] DEBUG org.hibernate.SQL - 
    /* SELECT
        p 
    FROM
        Pharmacie p 
    WHERE
        p.statut = 'ACTIVE' 
        AND p.latitude IS NOT NULL 
        AND p.longitude IS NOT NULL 
        AND (
            6371 * acos(cos(radians(:lat)) * cos(radians(p.latitude)) * cos(radians(p.longitude) - radians(:lon)) + sin(radians(:lat)) * sin(radians(p.latitude)))
        ) <= :rayonKm 
    ORDER BY
        (6371 * acos(cos(radians(:lat)) * cos(radians(p.latitude)) * cos(radians(p.longitude) - radians(:lon)) + sin(radians(:lat)) * sin(radians(p.latitude)))) */ select
            p1_0.id,
            p1_0.accepte_commandes,
            p1_0.adresse_complete,
            p1_0.agrement_ministere_url,
            p1_0.assurance_url,
            p1_0.code,
            p1_0.commune_id,
            p1_0.created_at,
            p1_0.date_ouverture,
            p1_0.date_validation,
            p1_0.email,
            p1_0.horaires,
            p1_0.latitude,
            p1_0.lien_google_maps,
            p1_0.logo_url,
            p1_0.longitude,
            p1_0.motif_rejet,
            p1_0.nom,
            p1_0.notifications_actives,
            p1_0.numero_agrement_ministere,
            p1_0.numero_ordre,
            p1_0.pharmacien_proprietaire_id,
            p1_0.photo_facade_url,
            p1_0.photos_interieures_urls,
            p1_0.propose_livraison,
            p1_0.quartier,
            p1_0.raison_sociale,
            p1_0.rayon_livraison_km,
            p1_0.registre_commerce_url,
            p1_0.site_web,
            p1_0.statut,
            p1_0.syndicat_id,
            p1_0.telephone,
            p1_0.telephone_secondaire,
            p1_0.updated_at,
            p1_0.valide_par_id,
            p1_0.valide_par_nom 
        from
            pharmacies p1_0 
        where
            p1_0.statut='ACTIVE' 
            and p1_0.latitude is not null 
            and p1_0.longitude is not null 
            and (
                6371*acos((((cos(radians(?))*cos(radians(p1_0.latitude)))*cos((radians(p1_0.longitude)-radians(?))))+(sin(radians(?))*sin(radians(p1_0.latitude)))))
            )<=? 
        order by
            (6371*acos((((cos(radians(?))*cos(radians(p1_0.latitude)))*cos((radians(p1_0.longitude)-radians(?))))+(sin(radians(?))*sin(radians(p1_0.latitude))))))
2025-12-08 10:04:26 [http-nio-8080-exec-9] DEBUG o.s.w.s.m.m.a.HttpEntityMethodProcessor - Using 'application/json', given [application/json] and supported [application/json, application/*+json, application/yaml]
2025-12-08 10:04:26 [http-nio-8080-exec-9] DEBUG o.s.w.s.m.m.a.HttpEntityMethodProcessor - Writing [ApiResponse[success=true, message=Pharmacies dans un rayon de 15 km, data=[], error=null, metadata=n (truncated)...]
2025-12-08 10:04:26 [http-nio-8080-exec-9] DEBUG o.s.web.servlet.DispatcherServlet - Completed 200 OK
2025-12-08 10:04:33 [http-nio-8080-exec-1] DEBUG o.s.security.web.FilterChainProxy - Securing GET /api/v1/public/localisations
2025-12-08 10:04:33 [http-nio-8080-exec-1] DEBUG o.s.s.w.a.AnonymousAuthenticationFilter - Set SecurityContextHolder to anonymous SecurityContext
2025-12-08 10:04:33 [http-nio-8080-exec-1] DEBUG o.s.security.web.FilterChainProxy - Secured GET /api/v1/public/localisations
2025-12-08 10:04:33 [http-nio-8080-exec-1] DEBUG o.s.web.servlet.DispatcherServlet - GET "/api/v1/public/localisations", parameters={}
2025-12-08 10:04:33 [http-nio-8080-exec-1] DEBUG o.s.w.s.h.SimpleUrlHandlerMapping - Mapped to ResourceHttpRequestHandler [classpath [META-INF/resources/], classpath [resources/], classpath [static/], classpath [public/], ServletContext [/]]
2025-12-08 10:04:33 [http-nio-8080-exec-1] DEBUG o.s.w.s.r.ResourceHttpRequestHandler - Resource not found
2025-12-08 10:04:33 [http-nio-8080-exec-1] DEBUG o.s.w.s.m.m.a.ExceptionHandlerExceptionResolver - Using @ExceptionHandler sn.sunufarmasi.shared.exception.GlobalExceptionHandler#handleGlobalException(Exception, WebRequest)
2025-12-08 10:04:33 [http-nio-8080-exec-1] ERROR s.s.s.e.GlobalExceptionHandler - Unhandled exception: 
org.springframework.web.servlet.resource.NoResourceFoundException: No static resource api/v1/public/localisations.
	at org.springframework.web.servlet.resource.ResourceHttpRequestHandler.handleRequest(ResourceHttpRequestHandler.java:585)
	at org.springframework.web.servlet.mvc.HttpRequestHandlerAdapter.handle(HttpRequestHandlerAdapter.java:52)
	at org.springframework.web.servlet.DispatcherServlet.doDispatch(DispatcherServlet.java:1089)
	at org.springframework.web.servlet.DispatcherServlet.doService(DispatcherServlet.java:979)
	at org.springframework.web.servlet.FrameworkServlet.processRequest(FrameworkServlet.java:1014)
	at org.springframework.web.servlet.FrameworkServlet.doGet(FrameworkServlet.java:903)
	at jakarta.servlet.http.HttpServlet.service(HttpServlet.java:564)
	at org.springframework.web.servlet.FrameworkServlet.service(FrameworkServlet.java:885)
	at jakarta.servlet.http.HttpServlet.service(HttpServlet.java:658)
	at org.apache.catalina.core.ApplicationFilterChain.internalDoFilter(ApplicationFilterChain.java:193)
	at org.apache.catalina.core.ApplicationFilterChain.doFilter(ApplicationFilterChain.java:138)
	at org.apache.tomcat.websocket.server.WsFilter.doFilter(WsFilter.java:51)
	at org.apache.catalina.core.ApplicationFilterChain.internalDoFilter(ApplicationFilterChain.java:162)
	at org.apache.catalina.core.ApplicationFilterChain.doFilter(ApplicationFilterChain.java:138)
	at org.springframework.web.filter.OncePerRequestFilter.doFilter(OncePerRequestFilter.java:101)
	at org.apache.catalina.core.ApplicationFilterChain.internalDoFilter(ApplicationFilterChain.java:162)
	at org.apache.catalina.core.ApplicationFilterChain.doFilter(ApplicationFilterChain.java:138)
	at org.springframework.web.filter.CompositeFilter$VirtualFilterChain.doFilter(CompositeFilter.java:108)
	at org.springframework.web.filter.CompositeFilter$VirtualFilterChain.doFilter(CompositeFilter.java:108)
	at org.springframework.security.web.FilterChainProxy.lambda$doFilterInternal$3(FilterChainProxy.java:231)
	at org.springframework.security.web.ObservationFilterChainDecorator$FilterObservation$SimpleFilterObservation.lambda$wrap$1(ObservationFilterChainDecorator.java:490)
	at org.springframework.security.web.ObservationFilterChainDecorator$AroundFilterObservation$SimpleAroundFilterObservation.lambda$wrap$1(ObservationFilterChainDecorator.java:351)
	at org.springframework.security.web.ObservationFilterChainDecorator.lambda$wrapSecured$0(ObservationFilterChainDecorator.java:83)
	at org.springframework.security.web.ObservationFilterChainDecorator$VirtualFilterChain.doFilter(ObservationFilterChainDecorator.java:129)
	at org.springframework.security.web.access.intercept.AuthorizationFilter.doFilter(AuthorizationFilter.java:101)
	at org.springframework.security.web.ObservationFilterChainDecorator$ObservationFilter.wrapFilter(ObservationFilterChainDecorator.java:241)
	at org.springframework.security.web.ObservationFilterChainDecorator$ObservationFilter.doFilter(ObservationFilterChainDecorator.java:228)
	at org.springframework.security.web.ObservationFilterChainDecorator$VirtualFilterChain.doFilter(ObservationFilterChainDecorator.java:138)
	at org.springframework.security.web.access.ExceptionTranslationFilter.doFilter(ExceptionTranslationFilter.java:125)
	at org.springframework.security.web.access.ExceptionTranslationFilter.doFilter(ExceptionTranslationFilter.java:119)
	at org.springframework.security.web.ObservationFilterChainDecorator$ObservationFilter.wrapFilter(ObservationFilterChainDecorator.java:241)
	at org.springframework.security.web.ObservationFilterChainDecorator$ObservationFilter.doFilter(ObservationFilterChainDecorator.java:228)
	at org.springframework.security.web.ObservationFilterChainDecorator$VirtualFilterChain.doFilter(ObservationFilterChainDecorator.java:138)
	at org.springframework.security.web.session.SessionManagementFilter.doFilter(SessionManagementFilter.java:131)
	at org.springframework.security.web.session.SessionManagementFilter.doFilter(SessionManagementFilter.java:85)
	at org.springframework.security.web.ObservationFilterChainDecorator$ObservationFilter.wrapFilter(ObservationFilterChainDecorator.java:241)
	at org.springframework.security.web.ObservationFilterChainDecorator$ObservationFilter.doFilter(ObservationFilterChainDecorator.java:228)
	at org.springframework.security.web.ObservationFilterChainDecorator$VirtualFilterChain.doFilter(ObservationFilterChainDecorator.java:138)
	at org.springframework.security.web.authentication.AnonymousAuthenticationFilter.doFilter(AnonymousAuthenticationFilter.java:100)
	at org.springframework.security.web.ObservationFilterChainDecorator$ObservationFilter.wrapFilter(ObservationFilterChainDecorator.java:241)
	at org.springframework.security.web.ObservationFilterChainDecorator$ObservationFilter.doFilter(ObservationFilterChainDecorator.java:228)
	at org.springframework.security.web.ObservationFilterChainDecorator$VirtualFilterChain.doFilter(ObservationFilterChainDecorator.java:138)
	at org.springframework.security.web.servletapi.SecurityContextHolderAwareRequestFilter.doFilter(SecurityContextHolderAwareRequestFilter.java:179)
	at org.springframework.security.web.ObservationFilterChainDecorator$ObservationFilter.wrapFilter(ObservationFilterChainDecorator.java:241)
	at org.springframework.security.web.ObservationFilterChainDecorator$ObservationFilter.doFilter(ObservationFilterChainDecorator.java:228)
	at org.springframework.security.web.ObservationFilterChainDecorator$VirtualFilterChain.doFilter(ObservationFilterChainDecorator.java:138)
	at org.springframework.security.web.savedrequest.RequestCacheAwareFilter.doFilter(RequestCacheAwareFilter.java:63)
	at org.springframework.security.web.ObservationFilterChainDecorator$ObservationFilter.wrapFilter(ObservationFilterChainDecorator.java:241)
	at org.springframework.security.web.ObservationFilterChainDecorator$ObservationFilter.doFilter(ObservationFilterChainDecorator.java:228)
	at org.springframework.security.web.ObservationFilterChainDecorator$VirtualFilterChain.doFilter(ObservationFilterChainDecorator.java:138)
	at org.springframework.web.filter.OncePerRequestFilter.doFilter(OncePerRequestFilter.java:101)
	at org.springframework.security.web.ObservationFilterChainDecorator$ObservationFilter.wrapFilter(ObservationFilterChainDecorator.java:241)
	at org.springframework.security.web.ObservationFilterChainDecorator$ObservationFilter.doFilter(ObservationFilterChainDecorator.java:228)
	at org.springframework.security.web.ObservationFilterChainDecorator$VirtualFilterChain.doFilter(ObservationFilterChainDecorator.java:138)
	at org.springframework.security.web.authentication.logout.LogoutFilter.doFilter(LogoutFilter.java:107)
	at org.springframework.security.web.authentication.logout.LogoutFilter.doFilter(LogoutFilter.java:93)
	at org.springframework.security.web.ObservationFilterChainDecorator$ObservationFilter.wrapFilter(ObservationFilterChainDecorator.java:241)
	at org.springframework.security.web.ObservationFilterChainDecorator$ObservationFilter.doFilter(ObservationFilterChainDecorator.java:228)
	at org.springframework.security.web.ObservationFilterChainDecorator$VirtualFilterChain.doFilter(ObservationFilterChainDecorator.java:138)
	at org.springframework.web.filter.CorsFilter.doFilterInternal(CorsFilter.java:91)
	at org.springframework.web.filter.OncePerRequestFilter.doFilter(OncePerRequestFilter.java:116)
	at org.springframework.security.web.ObservationFilterChainDecorator$ObservationFilter.wrapFilter(ObservationFilterChainDecorator.java:241)
	at org.springframework.security.web.ObservationFilterChainDecorator$ObservationFilter.doFilter(ObservationFilterChainDecorator.java:228)
	at org.springframework.security.web.ObservationFilterChainDecorator$VirtualFilterChain.doFilter(ObservationFilterChainDecorator.java:138)
	at org.springframework.security.web.header.HeaderWriterFilter.doHeadersAfter(HeaderWriterFilter.java:90)
	at org.springframework.security.web.header.HeaderWriterFilter.doFilterInternal(HeaderWriterFilter.java:75)
	at org.springframework.web.filter.OncePerRequestFilter.doFilter(OncePerRequestFilter.java:116)
	at org.springframework.security.web.ObservationFilterChainDecorator$ObservationFilter.wrapFilter(ObservationFilterChainDecorator.java:241)
	at org.springframework.security.web.ObservationFilterChainDecorator$ObservationFilter.doFilter(ObservationFilterChainDecorator.java:228)
	at org.springframework.security.web.ObservationFilterChainDecorator$VirtualFilterChain.doFilter(ObservationFilterChainDecorator.java:138)
	at org.springframework.security.web.context.SecurityContextHolderFilter.doFilter(SecurityContextHolderFilter.java:82)
	at org.springframework.security.web.context.SecurityContextHolderFilter.doFilter(SecurityContextHolderFilter.java:69)
	at org.springframework.security.web.ObservationFilterChainDecorator$ObservationFilter.wrapFilter(ObservationFilterChainDecorator.java:241)
	at org.springframework.security.web.ObservationFilterChainDecorator$ObservationFilter.doFilter(ObservationFilterChainDecorator.java:228)
	at org.springframework.security.web.ObservationFilterChainDecorator$VirtualFilterChain.doFilter(ObservationFilterChainDecorator.java:138)
	at org.springframework.security.web.context.request.async.WebAsyncManagerIntegrationFilter.doFilterInternal(WebAsyncManagerIntegrationFilter.java:62)
	at org.springframework.web.filter.OncePerRequestFilter.doFilter(OncePerRequestFilter.java:116)
	at org.springframework.security.web.ObservationFilterChainDecorator$ObservationFilter.wrapFilter(ObservationFilterChainDecorator.java:241)
	at org.springframework.security.web.ObservationFilterChainDecorator$ObservationFilter.doFilter(ObservationFilterChainDecorator.java:228)
	at org.springframework.security.web.ObservationFilterChainDecorator$VirtualFilterChain.doFilter(ObservationFilterChainDecorator.java:138)
	at org.springframework.security.web.session.DisableEncodeUrlFilter.doFilterInternal(DisableEncodeUrlFilter.java:42)
	at org.springframework.web.filter.OncePerRequestFilter.doFilter(OncePerRequestFilter.java:116)
	at org.springframework.security.web.ObservationFilterChainDecorator$ObservationFilter.wrapFilter(ObservationFilterChainDecorator.java:241)
	at org.springframework.security.web.ObservationFilterChainDecorator$AroundFilterObservation$SimpleAroundFilterObservation.lambda$wrap$0(ObservationFilterChainDecorator.java:334)
	at org.springframework.security.web.ObservationFilterChainDecorator$ObservationFilter.doFilter(ObservationFilterChainDecorator.java:225)
	at org.springframework.security.web.ObservationFilterChainDecorator$VirtualFilterChain.doFilter(ObservationFilterChainDecorator.java:138)
	at org.springframework.security.web.FilterChainProxy.doFilterInternal(FilterChainProxy.java:233)
	at org.springframework.security.web.FilterChainProxy.doFilter(FilterChainProxy.java:191)
	at org.springframework.web.filter.CompositeFilter$VirtualFilterChain.doFilter(CompositeFilter.java:113)
	at org.springframework.web.filter.ServletRequestPathFilter.doFilter(ServletRequestPathFilter.java:52)
	at org.springframework.web.filter.CompositeFilter$VirtualFilterChain.doFilter(CompositeFilter.java:113)
	at org.springframework.web.filter.CompositeFilter.doFilter(CompositeFilter.java:74)
	at org.springframework.security.config.annotation.web.configuration.WebSecurityConfiguration$CompositeFilterChainProxy.doFilter(WebSecurityConfiguration.java:319)
	at org.springframework.web.filter.CompositeFilter$VirtualFilterChain.doFilter(CompositeFilter.java:113)
	at org.springframework.web.servlet.handler.HandlerMappingIntrospector.lambda$createCacheFilter$4(HandlerMappingIntrospector.java:267)
	at org.springframework.web.filter.CompositeFilter$VirtualFilterChain.doFilter(CompositeFilter.java:113)
	at org.springframework.web.filter.CompositeFilter.doFilter(CompositeFilter.java:74)
	at org.springframework.security.config.annotation.web.configuration.WebMvcSecurityConfiguration$CompositeFilterChainProxy.doFilter(WebMvcSecurityConfiguration.java:240)
	at org.springframework.web.filter.DelegatingFilterProxy.invokeDelegate(DelegatingFilterProxy.java:362)
	at org.springframework.web.filter.DelegatingFilterProxy.doFilter(DelegatingFilterProxy.java:278)
	at org.apache.catalina.core.ApplicationFilterChain.internalDoFilter(ApplicationFilterChain.java:162)
	at org.apache.catalina.core.ApplicationFilterChain.doFilter(ApplicationFilterChain.java:138)
	at org.springframework.web.filter.RequestContextFilter.doFilterInternal(RequestContextFilter.java:100)
	at org.springframework.web.filter.OncePerRequestFilter.doFilter(OncePerRequestFilter.java:116)
	at org.apache.catalina.core.ApplicationFilterChain.internalDoFilter(ApplicationFilterChain.java:162)
	at org.apache.catalina.core.ApplicationFilterChain.doFilter(ApplicationFilterChain.java:138)
	at org.springframework.web.filter.FormContentFilter.doFilterInternal(FormContentFilter.java:93)
	at org.springframework.web.filter.OncePerRequestFilter.doFilter(OncePerRequestFilter.java:116)
	at org.apache.catalina.core.ApplicationFilterChain.internalDoFilter(ApplicationFilterChain.java:162)
	at org.apache.catalina.core.ApplicationFilterChain.doFilter(ApplicationFilterChain.java:138)
	at org.springframework.web.filter.ServerHttpObservationFilter.doFilterInternal(ServerHttpObservationFilter.java:110)
	at org.springframework.web.filter.OncePerRequestFilter.doFilter(OncePerRequestFilter.java:116)
	at org.apache.catalina.core.ApplicationFilterChain.internalDoFilter(ApplicationFilterChain.java:162)
	at org.apache.catalina.core.ApplicationFilterChain.doFilter(ApplicationFilterChain.java:138)
	at org.springframework.web.filter.CharacterEncodingFilter.doFilterInternal(CharacterEncodingFilter.java:201)
	at org.springframework.web.filter.OncePerRequestFilter.doFilter(OncePerRequestFilter.java:116)
	at org.apache.catalina.core.ApplicationFilterChain.internalDoFilter(ApplicationFilterChain.java:162)
	at org.apache.catalina.core.ApplicationFilterChain.doFilter(ApplicationFilterChain.java:138)
	at org.apache.catalina.core.StandardWrapperValve.invoke(StandardWrapperValve.java:165)
	at org.apache.catalina.core.StandardContextValve.invoke(StandardContextValve.java:88)
	at org.apache.catalina.authenticator.AuthenticatorBase.invoke(AuthenticatorBase.java:482)
	at org.apache.catalina.core.StandardHostValve.invoke(StandardHostValve.java:113)
	at org.apache.catalina.valves.ErrorReportValve.invoke(ErrorReportValve.java:83)
	at org.apache.catalina.core.StandardEngineValve.invoke(StandardEngineValve.java:72)
	at org.apache.catalina.connector.CoyoteAdapter.service(CoyoteAdapter.java:342)
	at org.apache.coyote.http11.Http11Processor.service(Http11Processor.java:399)
	at org.apache.coyote.AbstractProcessorLight.process(AbstractProcessorLight.java:63)
	at org.apache.coyote.AbstractProtocol$ConnectionHandler.process(AbstractProtocol.java:903)
	at org.apache.tomcat.util.net.NioEndpoint$SocketProcessor.doRun(NioEndpoint.java:1774)
	at org.apache.tomcat.util.net.SocketProcessorBase.run(SocketProcessorBase.java:52)
	at org.apache.tomcat.util.threads.ThreadPoolExecutor.runWorker(ThreadPoolExecutor.java:973)
	at org.apache.tomcat.util.threads.ThreadPoolExecutor$Worker.run(ThreadPoolExecutor.java:491)
	at org.apache.tomcat.util.threads.TaskThread$WrappingRunnable.run(TaskThread.java:63)
	at java.base/java.lang.Thread.run(Thread.java:1583)
2025-12-08 10:04:33 [http-nio-8080-exec-1] DEBUG o.s.w.s.m.m.a.HttpEntityMethodProcessor - Using 'application/json', given [application/json] and supported [application/json, application/*+json, application/yaml]
2025-12-08 10:04:33 [http-nio-8080-exec-1] DEBUG o.s.w.s.m.m.a.HttpEntityMethodProcessor - Writing [ApiResponse[success=false, message=Erreur interne du serveur, data=null, error=ErrorResponse[code=IN (truncated)...]
2025-12-08 10:04:33 [http-nio-8080-exec-1] WARN  o.s.w.s.m.m.a.ExceptionHandlerExceptionResolver - Resolved [org.springframework.web.servlet.resource.NoResourceFoundException: No static resource api/v1/public/localisations.]
2025-12-08 10:04:33 [http-nio-8080-exec-1] DEBUG o.s.web.servlet.DispatcherServlet - Completed 500 INTERNAL_SERVER_ERROR
2025-12-08 10:04:33 [http-nio-8080-exec-8] DEBUG o.s.security.web.FilterChainProxy - Securing GET /api/v1/public/gardes/proches?lat=37.4219983&lng=-122.084&rayon=15.0
2025-12-08 10:04:33 [http-nio-8080-exec-8] DEBUG o.s.s.w.a.AnonymousAuthenticationFilter - Set SecurityContextHolder to anonymous SecurityContext
2025-12-08 10:04:33 [http-nio-8080-exec-8] DEBUG o.s.security.web.FilterChainProxy - Secured GET /api/v1/public/gardes/proches?lat=37.4219983&lng=-122.084&rayon=15.0
2025-12-08 10:04:33 [http-nio-8080-exec-8] DEBUG o.s.web.servlet.DispatcherServlet - GET "/api/v1/public/gardes/proches?lat=37.4219983&lng=-122.084&rayon=15.0", parameters={masked}
2025-12-08 10:04:33 [http-nio-8080-exec-8] DEBUG o.s.w.s.m.m.a.RequestMappingHandlerMapping - Mapped to sn.sunufarmasi.shared.controller.PublicApiController#getGardesProches(double, double, double)
2025-12-08 10:04:33 [http-nio-8080-exec-8] INFO  s.s.s.controller.PublicApiController - GET /api/v1/public/gardes/proches - lat=37.4219983, lng=-122.084, rayon=15.0km
2025-12-08 10:04:33 [http-nio-8080-exec-8] DEBUG org.hibernate.SQL - 
    /* SELECT
        g 
    FROM
        Garde g 
    WHERE
        :today BETWEEN g.dateDebut AND g.dateFin 
        AND g.statut NOT IN ('ANNULEE') 
    ORDER BY
        g.zoneNom */ select
            g1_0.id,
            g1_0.commune_id,
            g1_0.confirme_par_pharmacie,
            g1_0.created_at,
            g1_0.cree_par_id,
            g1_0.cree_par_nom,
            g1_0.date_confirmation,
            g1_0.date_debut,
            g1_0.date_fin,
            g1_0.date_notification,
            g1_0.date_rappel,
            g1_0.departement_id,
            g1_0.est_remplacement,
            g1_0.garde_remplacee_id,
            g1_0.heure_debut,
            g1_0.heure_fin,
            g1_0.latitude,
            g1_0.longitude,
            g1_0.motif_annulation,
            g1_0.notes,
            g1_0.notification_envoyee,
            g1_0.numero_semaine,
            g1_0.pharmacie_id,
            g1_0.planning_id,
            g1_0.rappel_envoye,
            g1_0.statut,
            g1_0.type_garde,
            g1_0.updated_at,
            g1_0.zone_nom 
        from
            gardes g1_0 
        where
            ? between g1_0.date_debut and g1_0.date_fin 
            and g1_0.statut not in ('ANNULEE') 
        order by
            g1_0.zone_nom
2025-12-08 10:04:33 [http-nio-8080-exec-8] DEBUG org.hibernate.SQL - 
    select
        p1_0.id,
        p1_0.accepte_commandes,
        p1_0.adresse_complete,
        p1_0.agrement_ministere_url,
        p1_0.assurance_url,
        p1_0.code,
        p1_0.commune_id,
        p1_0.created_at,
        p1_0.date_ouverture,
        p1_0.date_validation,
        p1_0.email,
        p1_0.horaires,
        p1_0.latitude,
        p1_0.lien_google_maps,
        p1_0.logo_url,
        p1_0.longitude,
        p1_0.motif_rejet,
        p1_0.nom,
        p1_0.notifications_actives,
        p1_0.numero_agrement_ministere,
        p1_0.numero_ordre,
        p1_0.pharmacien_proprietaire_id,
        p1_0.photo_facade_url,
        p1_0.photos_interieures_urls,
        p1_0.propose_livraison,
        p1_0.quartier,
        p1_0.raison_sociale,
        p1_0.rayon_livraison_km,
        p1_0.registre_commerce_url,
        p1_0.site_web,
        p1_0.statut,
        p1_0.syndicat_id,
        p1_0.telephone,
        p1_0.telephone_secondaire,
        p1_0.updated_at,
        p1_0.valide_par_id,
        p1_0.valide_par_nom 
    from
        pharmacies p1_0 
    where
        p1_0.id=?
2025-12-08 10:04:33 [http-nio-8080-exec-8] DEBUG org.hibernate.SQL - 
    select
        c1_0.id,
        c1_0.actif,
        c1_0.altitude,
        c1_0.arrondissement,
        c1_0.code,
        c1_0.code_postal,
        c1_0.created_at,
        c1_0.departement_id,
        c1_0.latitude,
        c1_0.longitude,
        c1_0.nom,
        c1_0.ordre,
        c1_0.population,
        c1_0.superficie,
        c1_0.type_commune,
        c1_0.updated_at,
        c1_0.zone_urbaine 
    from
        communes c1_0 
    where
        c1_0.id=?
2025-12-08 10:04:33 [http-nio-8080-exec-8] DEBUG org.hibernate.SQL - 
    select
        d1_0.id,
        d1_0.actif,
        d1_0.chef_lieu,
        d1_0.code,
        d1_0.created_at,
        d1_0.latitude,
        d1_0.longitude,
        d1_0.nom,
        d1_0.ordre,
        d1_0.population,
        d1_0.region_id,
        d1_0.superficie,
        d1_0.updated_at 
    from
        departements d1_0 
    where
        d1_0.id=?
2025-12-08 10:04:33 [http-nio-8080-exec-8] DEBUG org.hibernate.SQL - 
    select
        r1_0.id,
        r1_0.actif,
        r1_0.chef_lieu,
        r1_0.code,
        r1_0.created_at,
        r1_0.latitude,
        r1_0.longitude,
        r1_0.nom,
        r1_0.ordre,
        r1_0.pays_id,
        r1_0.population,
        r1_0.superficie,
        r1_0.updated_at 
    from
        regions r1_0 
    where
        r1_0.id=?
2025-12-08 10:04:33 [http-nio-8080-exec-8] DEBUG org.hibernate.SQL - 
    select
        p1_0.id,
        p1_0.actif,
        p1_0.annee_diplome,
        p1_0.carte_ordre_url,
        p1_0.cin_url,
        p1_0.compte_verifie,
        p1_0.created_at,
        p1_0.date_debut_abonnement,
        p1_0.date_debut_essai,
        p1_0.date_dernier_paiement,
        p1_0.date_fin_abonnement,
        p1_0.date_fin_essai,
        p1_0.date_naissance,
        p1_0.date_verification_compte,
        p1_0.derniere_connexion,
        p1_0.diplome_url,
        p1_0.email,
        p1_0.essai_gratuit,
        p1_0.montant_mensuel,
        p1_0.mot_de_passe_hash,
        p1_0.nom,
        p1_0.nombre_employes_max,
        p1_0.nombre_pharmacies_actuelles,
        p1_0.nombre_pharmacies_max,
        p1_0.notifications_email,
        p1_0.notifications_push,
        p1_0.notifications_sms,
        p1_0.numero_ordre_national,
        p1_0.photo_url,
        p1_0.plan,
        p1_0.prenom,
        p1_0.prochain_paiement,
        p1_0.renouvellement_automatique,
        p1_0.sexe,
        p1_0.statut_abonnement,
        p1_0.telephone,
        p1_0.type,
        p1_0.universite_formation,
        p1_0.updated_at,
        p1_0.valide_par_ordre 
    from
        pharmaciens p1_0 
    where
        p1_0.id=?
2025-12-08 10:04:33 [http-nio-8080-exec-8] DEBUG org.hibernate.SQL - 
    select
        p1_0.id,
        p1_0.accepte_commandes,
        p1_0.adresse_complete,
        p1_0.agrement_ministere_url,
        p1_0.assurance_url,
        p1_0.code,
        p1_0.commune_id,
        p1_0.created_at,
        p1_0.date_ouverture,
        p1_0.date_validation,
        p1_0.email,
        p1_0.horaires,
        p1_0.latitude,
        p1_0.lien_google_maps,
        p1_0.logo_url,
        p1_0.longitude,
        p1_0.motif_rejet,
        p1_0.nom,
        p1_0.notifications_actives,
        p1_0.numero_agrement_ministere,
        p1_0.numero_ordre,
        p1_0.pharmacien_proprietaire_id,
        p1_0.photo_facade_url,
        p1_0.photos_interieures_urls,
        p1_0.propose_livraison,
        p1_0.quartier,
        p1_0.raison_sociale,
        p1_0.rayon_livraison_km,
        p1_0.registre_commerce_url,
        p1_0.site_web,
        p1_0.statut,
        p1_0.syndicat_id,
        p1_0.telephone,
        p1_0.telephone_secondaire,
        p1_0.updated_at,
        p1_0.valide_par_id,
        p1_0.valide_par_nom 
    from
        pharmacies p1_0 
    where
        p1_0.id=?
2025-12-08 10:04:33 [http-nio-8080-exec-8] DEBUG org.hibernate.SQL - 
    select
        c1_0.id,
        c1_0.actif,
        c1_0.altitude,
        c1_0.arrondissement,
        c1_0.code,
        c1_0.code_postal,
        c1_0.created_at,
        c1_0.departement_id,
        c1_0.latitude,
        c1_0.longitude,
        c1_0.nom,
        c1_0.ordre,
        c1_0.population,
        c1_0.superficie,
        c1_0.type_commune,
        c1_0.updated_at,
        c1_0.zone_urbaine 
    from
        communes c1_0 
    where
        c1_0.id=?
2025-12-08 10:04:33 [http-nio-8080-exec-8] DEBUG org.hibernate.SQL - 
    select
        p1_0.id,
        p1_0.actif,
        p1_0.annee_diplome,
        p1_0.carte_ordre_url,
        p1_0.cin_url,
        p1_0.compte_verifie,
        p1_0.created_at,
        p1_0.date_debut_abonnement,
        p1_0.date_debut_essai,
        p1_0.date_dernier_paiement,
        p1_0.date_fin_abonnement,
        p1_0.date_fin_essai,
        p1_0.date_naissance,
        p1_0.date_verification_compte,
        p1_0.derniere_connexion,
        p1_0.diplome_url,
        p1_0.email,
        p1_0.essai_gratuit,
        p1_0.montant_mensuel,
        p1_0.mot_de_passe_hash,
        p1_0.nom,
        p1_0.nombre_employes_max,
        p1_0.nombre_pharmacies_actuelles,
        p1_0.nombre_pharmacies_max,
        p1_0.notifications_email,
        p1_0.notifications_push,
        p1_0.notifications_sms,
        p1_0.numero_ordre_national,
        p1_0.photo_url,
        p1_0.plan,
        p1_0.prenom,
        p1_0.prochain_paiement,
        p1_0.renouvellement_automatique,
        p1_0.sexe,
        p1_0.statut_abonnement,
        p1_0.telephone,
        p1_0.type,
        p1_0.universite_formation,
        p1_0.updated_at,
        p1_0.valide_par_ordre 
    from
        pharmaciens p1_0 
    where
        p1_0.id=?
2025-12-08 10:04:33 [http-nio-8080-exec-8] DEBUG org.hibernate.SQL - 
    select
        p1_0.id,
        p1_0.accepte_commandes,
        p1_0.adresse_complete,
        p1_0.agrement_ministere_url,
        p1_0.assurance_url,
        p1_0.code,
        p1_0.commune_id,
        p1_0.created_at,
        p1_0.date_ouverture,
        p1_0.date_validation,
        p1_0.email,
        p1_0.horaires,
        p1_0.latitude,
        p1_0.lien_google_maps,
        p1_0.logo_url,
        p1_0.longitude,
        p1_0.motif_rejet,
        p1_0.nom,
        p1_0.notifications_actives,
        p1_0.numero_agrement_ministere,
        p1_0.numero_ordre,
        p1_0.pharmacien_proprietaire_id,
        p1_0.photo_facade_url,
        p1_0.photos_interieures_urls,
        p1_0.propose_livraison,
        p1_0.quartier,
        p1_0.raison_sociale,
        p1_0.rayon_livraison_km,
        p1_0.registre_commerce_url,
        p1_0.site_web,
        p1_0.statut,
        p1_0.syndicat_id,
        p1_0.telephone,
        p1_0.telephone_secondaire,
        p1_0.updated_at,
        p1_0.valide_par_id,
        p1_0.valide_par_nom 
    from
        pharmacies p1_0 
    where
        p1_0.id=?
2025-12-08 10:04:33 [http-nio-8080-exec-8] DEBUG org.hibernate.SQL - 
    select
        c1_0.id,
        c1_0.actif,
        c1_0.altitude,
        c1_0.arrondissement,
        c1_0.code,
        c1_0.code_postal,
        c1_0.created_at,
        c1_0.departement_id,
        c1_0.latitude,
        c1_0.longitude,
        c1_0.nom,
        c1_0.ordre,
        c1_0.population,
        c1_0.superficie,
        c1_0.type_commune,
        c1_0.updated_at,
        c1_0.zone_urbaine 
    from
        communes c1_0 
    where
        c1_0.id=?
2025-12-08 10:04:33 [http-nio-8080-exec-8] DEBUG org.hibernate.SQL - 
    select
        p1_0.id,
        p1_0.actif,
        p1_0.annee_diplome,
        p1_0.carte_ordre_url,
        p1_0.cin_url,
        p1_0.compte_verifie,
        p1_0.created_at,
        p1_0.date_debut_abonnement,
        p1_0.date_debut_essai,
        p1_0.date_dernier_paiement,
        p1_0.date_fin_abonnement,
        p1_0.date_fin_essai,
        p1_0.date_naissance,
        p1_0.date_verification_compte,
        p1_0.derniere_connexion,
        p1_0.diplome_url,
        p1_0.email,
        p1_0.essai_gratuit,
        p1_0.montant_mensuel,
        p1_0.mot_de_passe_hash,
        p1_0.nom,
        p1_0.nombre_employes_max,
        p1_0.nombre_pharmacies_actuelles,
        p1_0.nombre_pharmacies_max,
        p1_0.notifications_email,
        p1_0.notifications_push,
        p1_0.notifications_sms,
        p1_0.numero_ordre_national,
        p1_0.photo_url,
        p1_0.plan,
        p1_0.prenom,
        p1_0.prochain_paiement,
        p1_0.renouvellement_automatique,
        p1_0.sexe,
        p1_0.statut_abonnement,
        p1_0.telephone,
        p1_0.type,
        p1_0.universite_formation,
        p1_0.updated_at,
        p1_0.valide_par_ordre 
    from
        pharmaciens p1_0 
    where
        p1_0.id=?
2025-12-08 10:04:33 [http-nio-8080-exec-8] DEBUG o.s.w.s.m.m.a.HttpEntityMethodProcessor - Using 'application/json', given [application/json] and supported [application/json, application/*+json, application/yaml]
2025-12-08 10:04:33 [http-nio-8080-exec-8] DEBUG o.s.w.s.m.m.a.HttpEntityMethodProcessor - Writing [ApiResponse[success=true, message=Pharmacies de garde dans un rayon de 15 km, data=[], error=null, m (truncated)...]
2025-12-08 10:04:33 [http-nio-8080-exec-8] DEBUG o.s.web.servlet.DispatcherServlet - Completed 200 OK
2025-12-08 10:04:35 [http-nio-8080-exec-4] DEBUG o.s.security.web.FilterChainProxy - Securing GET /api/v1/public/regions
2025-12-08 10:04:35 [http-nio-8080-exec-4] DEBUG o.s.s.w.a.AnonymousAuthenticationFilter - Set SecurityContextHolder to anonymous SecurityContext
2025-12-08 10:04:35 [http-nio-8080-exec-4] DEBUG o.s.security.web.FilterChainProxy - Secured GET /api/v1/public/regions
2025-12-08 10:04:35 [http-nio-8080-exec-4] DEBUG o.s.web.servlet.DispatcherServlet - GET "/api/v1/public/regions", parameters={}
2025-12-08 10:04:35 [http-nio-8080-exec-4] DEBUG o.s.w.s.m.m.a.RequestMappingHandlerMapping - Mapped to sn.sunufarmasi.localisation.controller.LocalisationController#getAllRegions()
2025-12-08 10:04:35 [http-nio-8080-exec-4] DEBUG org.hibernate.SQL - 
    /* <criteria> */ select
        r1_0.id,
        r1_0.actif,
        r1_0.chef_lieu,
        r1_0.code,
        r1_0.created_at,
        r1_0.latitude,
        r1_0.longitude,
        r1_0.nom,
        r1_0.ordre,
        r1_0.pays_id,
        r1_0.population,
        r1_0.superficie,
        r1_0.updated_at 
    from
        regions r1_0 
    where
        r1_0.actif 
    order by
        r1_0.nom
2025-12-08 10:04:35 [http-nio-8080-exec-4] DEBUG org.hibernate.SQL - 
    select
        p1_0.id,
        p1_0.actif,
        p1_0.capitale,
        p1_0.code,
        p1_0.code_iso2,
        p1_0.code_iso3,
        p1_0.created_at,
        p1_0.devise,
        p1_0.drapeau,
        p1_0.fuseau_horaire,
        p1_0.indicatif_telephonique,
        p1_0.nom,
        p1_0.nom_en,
        p1_0.updated_at 
    from
        pays p1_0 
    where
        p1_0.id=?
2025-12-08 10:04:35 [http-nio-8080-exec-4] DEBUG org.hibernate.SQL - 
    select
        d1_0.region_id,
        d1_0.id,
        d1_0.actif,
        d1_0.chef_lieu,
        d1_0.code,
        d1_0.created_at,
        d1_0.latitude,
        d1_0.longitude,
        d1_0.nom,
        d1_0.ordre,
        d1_0.population,
        d1_0.superficie,
        d1_0.updated_at 
    from
        departements d1_0 
    where
        d1_0.region_id=? 
    order by
        d1_0.nom
2025-12-08 10:04:35 [http-nio-8080-exec-4] DEBUG org.hibernate.SQL - 
    select
        c1_0.departement_id,
        c1_0.id,
        c1_0.actif,
        c1_0.altitude,
        c1_0.arrondissement,
        c1_0.code,
        c1_0.code_postal,
        c1_0.created_at,
        c1_0.latitude,
        c1_0.longitude,
        c1_0.nom,
        c1_0.ordre,
        c1_0.population,
        c1_0.superficie,
        c1_0.type_commune,
        c1_0.updated_at,
        c1_0.zone_urbaine 
    from
        communes c1_0 
    where
        c1_0.departement_id=? 
    order by
        c1_0.nom
2025-12-08 10:04:35 [http-nio-8080-exec-4] DEBUG org.hibernate.SQL - 
    select
        c1_0.departement_id,
        c1_0.id,
        c1_0.actif,
        c1_0.altitude,
        c1_0.arrondissement,
        c1_0.code,
        c1_0.code_postal,
        c1_0.created_at,
        c1_0.latitude,
        c1_0.longitude,
        c1_0.nom,
        c1_0.ordre,
        c1_0.population,
        c1_0.superficie,
        c1_0.type_commune,
        c1_0.updated_at,
        c1_0.zone_urbaine 
    from
        communes c1_0 
    where
        c1_0.departement_id=? 
    order by
        c1_0.nom
2025-12-08 10:04:35 [http-nio-8080-exec-4] DEBUG org.hibernate.SQL - 
    select
        c1_0.departement_id,
        c1_0.id,
        c1_0.actif,
        c1_0.altitude,
        c1_0.arrondissement,
        c1_0.code,
        c1_0.code_postal,
        c1_0.created_at,
        c1_0.latitude,
        c1_0.longitude,
        c1_0.nom,
        c1_0.ordre,
        c1_0.population,
        c1_0.superficie,
        c1_0.type_commune,
        c1_0.updated_at,
        c1_0.zone_urbaine 
    from
        communes c1_0 
    where
        c1_0.departement_id=? 
    order by
        c1_0.nom
2025-12-08 10:04:35 [http-nio-8080-exec-4] DEBUG org.hibernate.SQL - 
    select
        c1_0.departement_id,
        c1_0.id,
        c1_0.actif,
        c1_0.altitude,
        c1_0.arrondissement,
        c1_0.code,
        c1_0.code_postal,
        c1_0.created_at,
        c1_0.latitude,
        c1_0.longitude,
        c1_0.nom,
        c1_0.ordre,
        c1_0.population,
        c1_0.superficie,
        c1_0.type_commune,
        c1_0.updated_at,
        c1_0.zone_urbaine 
    from
        communes c1_0 
    where
        c1_0.departement_id=? 
    order by
        c1_0.nom
2025-12-08 10:04:35 [http-nio-8080-exec-4] DEBUG org.hibernate.SQL - 
    select
        d1_0.region_id,
        d1_0.id,
        d1_0.actif,
        d1_0.chef_lieu,
        d1_0.code,
        d1_0.created_at,
        d1_0.latitude,
        d1_0.longitude,
        d1_0.nom,
        d1_0.ordre,
        d1_0.population,
        d1_0.superficie,
        d1_0.updated_at 
    from
        departements d1_0 
    where
        d1_0.region_id=? 
    order by
        d1_0.nom
2025-12-08 10:04:35 [http-nio-8080-exec-4] DEBUG org.hibernate.SQL - 
    select
        c1_0.departement_id,
        c1_0.id,
        c1_0.actif,
        c1_0.altitude,
        c1_0.arrondissement,
        c1_0.code,
        c1_0.code_postal,
        c1_0.created_at,
        c1_0.latitude,
        c1_0.longitude,
        c1_0.nom,
        c1_0.ordre,
        c1_0.population,
        c1_0.superficie,
        c1_0.type_commune,
        c1_0.updated_at,
        c1_0.zone_urbaine 
    from
        communes c1_0 
    where
        c1_0.departement_id=? 
    order by
        c1_0.nom
2025-12-08 10:04:35 [http-nio-8080-exec-4] DEBUG org.hibernate.SQL - 
    select
        c1_0.departement_id,
        c1_0.id,
        c1_0.actif,
        c1_0.altitude,
        c1_0.arrondissement,
        c1_0.code,
        c1_0.code_postal,
        c1_0.created_at,
        c1_0.latitude,
        c1_0.longitude,
        c1_0.nom,
        c1_0.ordre,
        c1_0.population,
        c1_0.superficie,
        c1_0.type_commune,
        c1_0.updated_at,
        c1_0.zone_urbaine 
    from
        communes c1_0 
    where
        c1_0.departement_id=? 
    order by
        c1_0.nom
2025-12-08 10:04:35 [http-nio-8080-exec-4] DEBUG org.hibernate.SQL - 
    select
        c1_0.departement_id,
        c1_0.id,
        c1_0.actif,
        c1_0.altitude,
        c1_0.arrondissement,
        c1_0.code,
        c1_0.code_postal,
        c1_0.created_at,
        c1_0.latitude,
        c1_0.longitude,
        c1_0.nom,
        c1_0.ordre,
        c1_0.population,
        c1_0.superficie,
        c1_0.type_commune,
        c1_0.updated_at,
        c1_0.zone_urbaine 
    from
        communes c1_0 
    where
        c1_0.departement_id=? 
    order by
        c1_0.nom
2025-12-08 10:04:35 [http-nio-8080-exec-4] DEBUG org.hibernate.SQL - 
    select
        d1_0.region_id,
        d1_0.id,
        d1_0.actif,
        d1_0.chef_lieu,
        d1_0.code,
        d1_0.created_at,
        d1_0.latitude,
        d1_0.longitude,
        d1_0.nom,
        d1_0.ordre,
        d1_0.population,
        d1_0.superficie,
        d1_0.updated_at 
    from
        departements d1_0 
    where
        d1_0.region_id=? 
    order by
        d1_0.nom
2025-12-08 10:04:35 [http-nio-8080-exec-4] DEBUG org.hibernate.SQL - 
    select
        c1_0.departement_id,
        c1_0.id,
        c1_0.actif,
        c1_0.altitude,
        c1_0.arrondissement,
        c1_0.code,
        c1_0.code_postal,
        c1_0.created_at,
        c1_0.latitude,
        c1_0.longitude,
        c1_0.nom,
        c1_0.ordre,
        c1_0.population,
        c1_0.superficie,
        c1_0.type_commune,
        c1_0.updated_at,
        c1_0.zone_urbaine 
    from
        communes c1_0 
    where
        c1_0.departement_id=? 
    order by
        c1_0.nom
2025-12-08 10:04:35 [http-nio-8080-exec-4] DEBUG org.hibernate.SQL - 
    select
        c1_0.departement_id,
        c1_0.id,
        c1_0.actif,
        c1_0.altitude,
        c1_0.arrondissement,
        c1_0.code,
        c1_0.code_postal,
        c1_0.created_at,
        c1_0.latitude,
        c1_0.longitude,
        c1_0.nom,
        c1_0.ordre,
        c1_0.population,
        c1_0.superficie,
        c1_0.type_commune,
        c1_0.updated_at,
        c1_0.zone_urbaine 
    from
        communes c1_0 
    where
        c1_0.departement_id=? 
    order by
        c1_0.nom
2025-12-08 10:04:35 [http-nio-8080-exec-4] DEBUG org.hibernate.SQL - 
    select
        c1_0.departement_id,
        c1_0.id,
        c1_0.actif,
        c1_0.altitude,
        c1_0.arrondissement,
        c1_0.code,
        c1_0.code_postal,
        c1_0.created_at,
        c1_0.latitude,
        c1_0.longitude,
        c1_0.nom,
        c1_0.ordre,
        c1_0.population,
        c1_0.superficie,
        c1_0.type_commune,
        c1_0.updated_at,
        c1_0.zone_urbaine 
    from
        communes c1_0 
    where
        c1_0.departement_id=? 
    order by
        c1_0.nom
2025-12-08 10:04:35 [http-nio-8080-exec-4] DEBUG org.hibernate.SQL - 
    select
        d1_0.region_id,
        d1_0.id,
        d1_0.actif,
        d1_0.chef_lieu,
        d1_0.code,
        d1_0.created_at,
        d1_0.latitude,
        d1_0.longitude,
        d1_0.nom,
        d1_0.ordre,
        d1_0.population,
        d1_0.superficie,
        d1_0.updated_at 
    from
        departements d1_0 
    where
        d1_0.region_id=? 
    order by
        d1_0.nom
2025-12-08 10:04:35 [http-nio-8080-exec-4] DEBUG org.hibernate.SQL - 
    select
        c1_0.departement_id,
        c1_0.id,
        c1_0.actif,
        c1_0.altitude,
        c1_0.arrondissement,
        c1_0.code,
        c1_0.code_postal,
        c1_0.created_at,
        c1_0.latitude,
        c1_0.longitude,
        c1_0.nom,
        c1_0.ordre,
        c1_0.population,
        c1_0.superficie,
        c1_0.type_commune,
        c1_0.updated_at,
        c1_0.zone_urbaine 
    from
        communes c1_0 
    where
        c1_0.departement_id=? 
    order by
        c1_0.nom
2025-12-08 10:04:35 [http-nio-8080-exec-4] DEBUG org.hibernate.SQL - 
    select
        c1_0.departement_id,
        c1_0.id,
        c1_0.actif,
        c1_0.altitude,
        c1_0.arrondissement,
        c1_0.code,
        c1_0.code_postal,
        c1_0.created_at,
        c1_0.latitude,
        c1_0.longitude,
        c1_0.nom,
        c1_0.ordre,
        c1_0.population,
        c1_0.superficie,
        c1_0.type_commune,
        c1_0.updated_at,
        c1_0.zone_urbaine 
    from
        communes c1_0 
    where
        c1_0.departement_id=? 
    order by
        c1_0.nom
2025-12-08 10:04:35 [http-nio-8080-exec-4] DEBUG org.hibernate.SQL - 
    select
        c1_0.departement_id,
        c1_0.id,
        c1_0.actif,
        c1_0.altitude,
        c1_0.arrondissement,
        c1_0.code,
        c1_0.code_postal,
        c1_0.created_at,
        c1_0.latitude,
        c1_0.longitude,
        c1_0.nom,
        c1_0.ordre,
        c1_0.population,
        c1_0.superficie,
        c1_0.type_commune,
        c1_0.updated_at,
        c1_0.zone_urbaine 
    from
        communes c1_0 
    where
        c1_0.departement_id=? 
    order by
        c1_0.nom
2025-12-08 10:04:35 [http-nio-8080-exec-4] DEBUG org.hibernate.SQL - 
    select
        d1_0.region_id,
        d1_0.id,
        d1_0.actif,
        d1_0.chef_lieu,
        d1_0.code,
        d1_0.created_at,
        d1_0.latitude,
        d1_0.longitude,
        d1_0.nom,
        d1_0.ordre,
        d1_0.population,
        d1_0.superficie,
        d1_0.updated_at 
    from
        departements d1_0 
    where
        d1_0.region_id=? 
    order by
        d1_0.nom
2025-12-08 10:04:35 [http-nio-8080-exec-4] DEBUG org.hibernate.SQL - 
    select
        c1_0.departement_id,
        c1_0.id,
        c1_0.actif,
        c1_0.altitude,
        c1_0.arrondissement,
        c1_0.code,
        c1_0.code_postal,
        c1_0.created_at,
        c1_0.latitude,
        c1_0.longitude,
        c1_0.nom,
        c1_0.ordre,
        c1_0.population,
        c1_0.superficie,
        c1_0.type_commune,
        c1_0.updated_at,
        c1_0.zone_urbaine 
    from
        communes c1_0 
    where
        c1_0.departement_id=? 
    order by
        c1_0.nom
2025-12-08 10:04:35 [http-nio-8080-exec-4] DEBUG org.hibernate.SQL - 
    select
        c1_0.departement_id,
        c1_0.id,
        c1_0.actif,
        c1_0.altitude,
        c1_0.arrondissement,
        c1_0.code,
        c1_0.code_postal,
        c1_0.created_at,
        c1_0.latitude,
        c1_0.longitude,
        c1_0.nom,
        c1_0.ordre,
        c1_0.population,
        c1_0.superficie,
        c1_0.type_commune,
        c1_0.updated_at,
        c1_0.zone_urbaine 
    from
        communes c1_0 
    where
        c1_0.departement_id=? 
    order by
        c1_0.nom
2025-12-08 10:04:35 [http-nio-8080-exec-4] DEBUG org.hibernate.SQL - 
    select
        c1_0.departement_id,
        c1_0.id,
        c1_0.actif,
        c1_0.altitude,
        c1_0.arrondissement,
        c1_0.code,
        c1_0.code_postal,
        c1_0.created_at,
        c1_0.latitude,
        c1_0.longitude,
        c1_0.nom,
        c1_0.ordre,
        c1_0.population,
        c1_0.superficie,
        c1_0.type_commune,
        c1_0.updated_at,
        c1_0.zone_urbaine 
    from
        communes c1_0 
    where
        c1_0.departement_id=? 
    order by
        c1_0.nom
2025-12-08 10:04:35 [http-nio-8080-exec-4] DEBUG o.s.w.s.m.m.a.HttpEntityMethodProcessor - Using 'application/json', given [application/json] and supported [application/json, application/*+json, application/yaml]
2025-12-08 10:04:35 [http-nio-8080-exec-4] DEBUG o.s.w.s.m.m.a.HttpEntityMethodProcessor - Writing [[RegionResponse[id=2c562dd6-4425-4acc-adca-512866ed3515, code=DK, nom=Dakar, chefLieu=Dakar, populat (truncated)...]
2025-12-08 10:04:35 [http-nio-8080-exec-4] DEBUG o.s.web.servlet.DispatcherServlet - Completed 200 OK
2025-12-08 10:04:35 [http-nio-8080-exec-6] DEBUG o.s.security.web.FilterChainProxy - Securing GET /api/v1/public/regions/2c562dd6-4425-4acc-adca-512866ed3515/communes
2025-12-08 10:04:35 [http-nio-8080-exec-6] DEBUG o.s.s.w.a.AnonymousAuthenticationFilter - Set SecurityContextHolder to anonymous SecurityContext
2025-12-08 10:04:35 [http-nio-8080-exec-6] DEBUG o.s.security.web.FilterChainProxy - Secured GET /api/v1/public/regions/2c562dd6-4425-4acc-adca-512866ed3515/communes
2025-12-08 10:04:35 [http-nio-8080-exec-6] DEBUG o.s.web.servlet.DispatcherServlet - GET "/api/v1/public/regions/2c562dd6-4425-4acc-adca-512866ed3515/communes", parameters={}
2025-12-08 10:04:35 [http-nio-8080-exec-6] DEBUG o.s.w.s.m.m.a.RequestMappingHandlerMapping - Mapped to sn.sunufarmasi.localisation.controller.LocalisationController#getCommunesByRegion(UUID)
2025-12-08 10:04:35 [http-nio-8080-exec-6] DEBUG org.hibernate.SQL - 
    /* SELECT
        c 
    FROM
        Commune c 
    WHERE
        c.departement.region.id = :regionId 
    ORDER BY
        c.nom */ select
            c1_0.id,
            c1_0.actif,
            c1_0.altitude,
            c1_0.arrondissement,
            c1_0.code,
            c1_0.code_postal,
            c1_0.created_at,
            c1_0.departement_id,
            c1_0.latitude,
            c1_0.longitude,
            c1_0.nom,
            c1_0.ordre,
            c1_0.population,
            c1_0.superficie,
            c1_0.type_commune,
            c1_0.updated_at,
            c1_0.zone_urbaine 
        from
            communes c1_0 
        join
            departements d1_0 
                on d1_0.id=c1_0.departement_id 
        where
            d1_0.region_id=? 
        order by
            c1_0.nom
2025-12-08 10:04:35 [http-nio-8080-exec-6] DEBUG org.hibernate.SQL - 
    select
        d1_0.id,
        d1_0.actif,
        d1_0.chef_lieu,
        d1_0.code,
        d1_0.created_at,
        d1_0.latitude,
        d1_0.longitude,
        d1_0.nom,
        d1_0.ordre,
        d1_0.population,
        d1_0.region_id,
        d1_0.superficie,
        d1_0.updated_at 
    from
        departements d1_0 
    where
        d1_0.id=?
2025-12-08 10:04:35 [http-nio-8080-exec-6] DEBUG org.hibernate.SQL - 
    select
        r1_0.id,
        r1_0.actif,
        r1_0.chef_lieu,
        r1_0.code,
        r1_0.created_at,
        r1_0.latitude,
        r1_0.longitude,
        r1_0.nom,
        r1_0.ordre,
        r1_0.pays_id,
        r1_0.population,
        r1_0.superficie,
        r1_0.updated_at 
    from
        regions r1_0 
    where
        r1_0.id=?
2025-12-08 10:04:35 [http-nio-8080-exec-6] DEBUG org.hibernate.SQL - 
    select
        p1_0.id,
        p1_0.actif,
        p1_0.capitale,
        p1_0.code,
        p1_0.code_iso2,
        p1_0.code_iso3,
        p1_0.created_at,
        p1_0.devise,
        p1_0.drapeau,
        p1_0.fuseau_horaire,
        p1_0.indicatif_telephonique,
        p1_0.nom,
        p1_0.nom_en,
        p1_0.updated_at 
    from
        pays p1_0 
    where
        p1_0.id=?
2025-12-08 10:04:35 [http-nio-8080-exec-6] DEBUG org.hibernate.SQL - 
    select
        d1_0.id,
        d1_0.actif,
        d1_0.chef_lieu,
        d1_0.code,
        d1_0.created_at,
        d1_0.latitude,
        d1_0.longitude,
        d1_0.nom,
        d1_0.ordre,
        d1_0.population,
        d1_0.region_id,
        d1_0.superficie,
        d1_0.updated_at 
    from
        departements d1_0 
    where
        d1_0.id=?
2025-12-08 10:04:35 [http-nio-8080-exec-6] DEBUG org.hibernate.SQL - 
    select
        d1_0.id,
        d1_0.actif,
        d1_0.chef_lieu,
        d1_0.code,
        d1_0.created_at,
        d1_0.latitude,
        d1_0.longitude,
        d1_0.nom,
        d1_0.ordre,
        d1_0.population,
        d1_0.region_id,
        d1_0.superficie,
        d1_0.updated_at 
    from
        departements d1_0 
    where
        d1_0.id=?
2025-12-08 10:04:35 [http-nio-8080-exec-6] DEBUG org.hibernate.SQL - 
    select
        d1_0.id,
        d1_0.actif,
        d1_0.chef_lieu,
        d1_0.code,
        d1_0.created_at,
        d1_0.latitude,
        d1_0.longitude,
        d1_0.nom,
        d1_0.ordre,
        d1_0.population,
        d1_0.region_id,
        d1_0.superficie,
        d1_0.updated_at 
    from
        departements d1_0 
    where
        d1_0.id=?
2025-12-08 10:04:35 [http-nio-8080-exec-6] DEBUG o.s.w.s.m.m.a.HttpEntityMethodProcessor - Using 'application/json', given [application/json] and supported [application/json, application/*+json, application/yaml]
2025-12-08 10:04:35 [http-nio-8080-exec-6] DEBUG o.s.w.s.m.m.a.HttpEntityMethodProcessor - Writing [[CommuneResponse[id=2640a39e-d4dd-4d57-a003-963dc0f6fa54, code=ALMADIES, nom=Almadies, type=COMMUNE, (truncated)...]
2025-12-08 10:04:35 [http-nio-8080-exec-6] DEBUG o.s.web.servlet.DispatcherServlet - Completed 200 OK
2025-12-08 10:04:35 [http-nio-8080-exec-3] DEBUG o.s.security.web.FilterChainProxy - Securing GET /api/v1/public/gardes/region/2c562dd6-4425-4acc-adca-512866ed3515
2025-12-08 10:04:35 [http-nio-8080-exec-3] DEBUG o.s.s.w.a.AnonymousAuthenticationFilter - Set SecurityContextHolder to anonymous SecurityContext
2025-12-08 10:04:35 [http-nio-8080-exec-3] DEBUG o.s.security.web.FilterChainProxy - Secured GET /api/v1/public/gardes/region/2c562dd6-4425-4acc-adca-512866ed3515
2025-12-08 10:04:35 [http-nio-8080-exec-3] DEBUG o.s.web.servlet.DispatcherServlet - GET "/api/v1/public/gardes/region/2c562dd6-4425-4acc-adca-512866ed3515", parameters={}
2025-12-08 10:04:35 [http-nio-8080-exec-3] DEBUG o.s.w.s.m.m.a.RequestMappingHandlerMapping - Mapped to sn.sunufarmasi.shared.controller.PublicApiController#getGardesByRegion(UUID)
2025-12-08 10:04:35 [http-nio-8080-exec-3] INFO  s.s.s.controller.PublicApiController - GET /api/v1/public/gardes/region/2c562dd6-4425-4acc-adca-512866ed3515
2025-12-08 10:04:35 [http-nio-8080-exec-3] DEBUG org.hibernate.SQL - 
    /* SELECT
        g 
    FROM
        Garde g 
    WHERE
        (
            g.departement.region.id = :regionId 
            OR g.commune.departement.region.id = :regionId
        ) 
        AND :date BETWEEN g.dateDebut AND g.dateFin 
        AND g.statut NOT IN ('ANNULEE') */ select
            g1_0.id,
            g1_0.commune_id,
            g1_0.confirme_par_pharmacie,
            g1_0.created_at,
            g1_0.cree_par_id,
            g1_0.cree_par_nom,
            g1_0.date_confirmation,
            g1_0.date_debut,
            g1_0.date_fin,
            g1_0.date_notification,
            g1_0.date_rappel,
            g1_0.departement_id,
            g1_0.est_remplacement,
            g1_0.garde_remplacee_id,
            g1_0.heure_debut,
            g1_0.heure_fin,
            g1_0.latitude,
            g1_0.longitude,
            g1_0.motif_annulation,
            g1_0.notes,
            g1_0.notification_envoyee,
            g1_0.numero_semaine,
            g1_0.pharmacie_id,
            g1_0.planning_id,
            g1_0.rappel_envoye,
            g1_0.statut,
            g1_0.type_garde,
            g1_0.updated_at,
            g1_0.zone_nom 
        from
            gardes g1_0 
        join
            communes c1_0 
                on c1_0.id=g1_0.commune_id 
        join
            departements d2_0 
                on d2_0.id=c1_0.departement_id 
        join
            departements d1_0 
                on d1_0.id=g1_0.departement_id 
        where
            (
                d1_0.region_id=? 
                or d2_0.region_id=?
            ) 
            and ? between g1_0.date_debut and g1_0.date_fin 
            and g1_0.statut not in ('ANNULEE')
2025-12-08 10:04:35 [http-nio-8080-exec-3] DEBUG o.s.w.s.m.m.a.HttpEntityMethodProcessor - Using 'application/json', given [application/json] and supported [application/json, application/*+json, application/yaml]
2025-12-08 10:04:35 [http-nio-8080-exec-3] DEBUG o.s.w.s.m.m.a.HttpEntityMethodProcessor - Writing [ApiResponse[success=true, message=Gardes région (0), data=[], error=null, metadata=null]]
2025-12-08 10:04:35 [http-nio-8080-exec-3] DEBUG o.s.web.servlet.DispatcherServlet - Completed 200 OK
2025-12-08 10:04:36 [http-nio-8080-exec-10] DEBUG o.s.security.web.FilterChainProxy - Securing GET /api/v1/public/pharmacies/region/2c562dd6-4425-4acc-adca-512866ed3515
2025-12-08 10:04:36 [http-nio-8080-exec-10] DEBUG o.s.s.w.a.AnonymousAuthenticationFilter - Set SecurityContextHolder to anonymous SecurityContext
2025-12-08 10:04:36 [http-nio-8080-exec-10] DEBUG o.s.security.web.FilterChainProxy - Secured GET /api/v1/public/pharmacies/region/2c562dd6-4425-4acc-adca-512866ed3515
2025-12-08 10:04:36 [http-nio-8080-exec-10] DEBUG o.s.web.servlet.DispatcherServlet - GET "/api/v1/public/pharmacies/region/2c562dd6-4425-4acc-adca-512866ed3515", parameters={}
2025-12-08 10:04:36 [http-nio-8080-exec-10] DEBUG o.s.w.s.m.m.a.RequestMappingHandlerMapping - Mapped to sn.sunufarmasi.shared.controller.PublicApiController#getPharmaciesByRegion(UUID)
2025-12-08 10:04:36 [http-nio-8080-exec-10] INFO  s.s.s.controller.PublicApiController - GET /api/v1/public/pharmacies/region/2c562dd6-4425-4acc-adca-512866ed3515
2025-12-08 10:04:36 [http-nio-8080-exec-10] DEBUG org.hibernate.SQL - 
    /* SELECT
        p 
    FROM
        Pharmacie p 
    WHERE
        p.commune.departement.region.id = :regionId 
        AND p.statut = :statut 
    ORDER BY
        p.nom */ select
            p1_0.id,
            p1_0.accepte_commandes,
            p1_0.adresse_complete,
            p1_0.agrement_ministere_url,
            p1_0.assurance_url,
            p1_0.code,
            p1_0.commune_id,
            p1_0.created_at,
            p1_0.date_ouverture,
            p1_0.date_validation,
            p1_0.email,
            p1_0.horaires,
            p1_0.latitude,
            p1_0.lien_google_maps,
            p1_0.logo_url,
            p1_0.longitude,
            p1_0.motif_rejet,
            p1_0.nom,
            p1_0.notifications_actives,
            p1_0.numero_agrement_ministere,
            p1_0.numero_ordre,
            p1_0.pharmacien_proprietaire_id,
            p1_0.photo_facade_url,
            p1_0.photos_interieures_urls,
            p1_0.propose_livraison,
            p1_0.quartier,
            p1_0.raison_sociale,
            p1_0.rayon_livraison_km,
            p1_0.registre_commerce_url,
            p1_0.site_web,
            p1_0.statut,
            p1_0.syndicat_id,
            p1_0.telephone,
            p1_0.telephone_secondaire,
            p1_0.updated_at,
            p1_0.valide_par_id,
            p1_0.valide_par_nom 
        from
            pharmacies p1_0 
        join
            communes c1_0 
                on c1_0.id=p1_0.commune_id 
        join
            departements d1_0 
                on d1_0.id=c1_0.departement_id 
        where
            d1_0.region_id=? 
            and p1_0.statut=? 
        order by
            p1_0.nom
2025-12-08 10:04:36 [http-nio-8080-exec-10] DEBUG org.hibernate.SQL - 
    select
        c1_0.id,
        c1_0.actif,
        c1_0.altitude,
        c1_0.arrondissement,
        c1_0.code,
        c1_0.code_postal,
        c1_0.created_at,
        c1_0.departement_id,
        c1_0.latitude,
        c1_0.longitude,
        c1_0.nom,
        c1_0.ordre,
        c1_0.population,
        c1_0.superficie,
        c1_0.type_commune,
        c1_0.updated_at,
        c1_0.zone_urbaine 
    from
        communes c1_0 
    where
        c1_0.id=?
2025-12-08 10:04:36 [http-nio-8080-exec-10] DEBUG org.hibernate.SQL - 
    select
        d1_0.id,
        d1_0.actif,
        d1_0.chef_lieu,
        d1_0.code,
        d1_0.created_at,
        d1_0.latitude,
        d1_0.longitude,
        d1_0.nom,
        d1_0.ordre,
        d1_0.population,
        d1_0.region_id,
        d1_0.superficie,
        d1_0.updated_at 
    from
        departements d1_0 
    where
        d1_0.id=?
2025-12-08 10:04:36 [http-nio-8080-exec-10] DEBUG org.hibernate.SQL - 
    select
        r1_0.id,
        r1_0.actif,
        r1_0.chef_lieu,
        r1_0.code,
        r1_0.created_at,
        r1_0.latitude,
        r1_0.longitude,
        r1_0.nom,
        r1_0.ordre,
        r1_0.pays_id,
        r1_0.population,
        r1_0.superficie,
        r1_0.updated_at 
    from
        regions r1_0 
    where
        r1_0.id=?
2025-12-08 10:04:36 [http-nio-8080-exec-10] DEBUG org.hibernate.SQL - 
    select
        p1_0.id,
        p1_0.actif,
        p1_0.annee_diplome,
        p1_0.carte_ordre_url,
        p1_0.cin_url,
        p1_0.compte_verifie,
        p1_0.created_at,
        p1_0.date_debut_abonnement,
        p1_0.date_debut_essai,
        p1_0.date_dernier_paiement,
        p1_0.date_fin_abonnement,
        p1_0.date_fin_essai,
        p1_0.date_naissance,
        p1_0.date_verification_compte,
        p1_0.derniere_connexion,
        p1_0.diplome_url,
        p1_0.email,
        p1_0.essai_gratuit,
        p1_0.montant_mensuel,
        p1_0.mot_de_passe_hash,
        p1_0.nom,
        p1_0.nombre_employes_max,
        p1_0.nombre_pharmacies_actuelles,
        p1_0.nombre_pharmacies_max,
        p1_0.notifications_email,
        p1_0.notifications_push,
        p1_0.notifications_sms,
        p1_0.numero_ordre_national,
        p1_0.photo_url,
        p1_0.plan,
        p1_0.prenom,
        p1_0.prochain_paiement,
        p1_0.renouvellement_automatique,
        p1_0.sexe,
        p1_0.statut_abonnement,
        p1_0.telephone,
        p1_0.type,
        p1_0.universite_formation,
        p1_0.updated_at,
        p1_0.valide_par_ordre 
    from
        pharmaciens p1_0 
    where
        p1_0.id=?
2025-12-08 10:04:36 [http-nio-8080-exec-10] DEBUG org.hibernate.SQL - 
    select
        c1_0.id,
        c1_0.actif,
        c1_0.altitude,
        c1_0.arrondissement,
        c1_0.code,
        c1_0.code_postal,
        c1_0.created_at,
        c1_0.departement_id,
        c1_0.latitude,
        c1_0.longitude,
        c1_0.nom,
        c1_0.ordre,
        c1_0.population,
        c1_0.superficie,
        c1_0.type_commune,
        c1_0.updated_at,
        c1_0.zone_urbaine 
    from
        communes c1_0 
    where
        c1_0.id=?
2025-12-08 10:04:36 [http-nio-8080-exec-10] DEBUG org.hibernate.SQL - 
    select
        p1_0.id,
        p1_0.actif,
        p1_0.annee_diplome,
        p1_0.carte_ordre_url,
        p1_0.cin_url,
        p1_0.compte_verifie,
        p1_0.created_at,
        p1_0.date_debut_abonnement,
        p1_0.date_debut_essai,
        p1_0.date_dernier_paiement,
        p1_0.date_fin_abonnement,
        p1_0.date_fin_essai,
        p1_0.date_naissance,
        p1_0.date_verification_compte,
        p1_0.derniere_connexion,
        p1_0.diplome_url,
        p1_0.email,
        p1_0.essai_gratuit,
        p1_0.montant_mensuel,
        p1_0.mot_de_passe_hash,
        p1_0.nom,
        p1_0.nombre_employes_max,
        p1_0.nombre_pharmacies_actuelles,
        p1_0.nombre_pharmacies_max,
        p1_0.notifications_email,
        p1_0.notifications_push,
        p1_0.notifications_sms,
        p1_0.numero_ordre_national,
        p1_0.photo_url,
        p1_0.plan,
        p1_0.prenom,
        p1_0.prochain_paiement,
        p1_0.renouvellement_automatique,
        p1_0.sexe,
        p1_0.statut_abonnement,
        p1_0.telephone,
        p1_0.type,
        p1_0.universite_formation,
        p1_0.updated_at,
        p1_0.valide_par_ordre 
    from
        pharmaciens p1_0 
    where
        p1_0.id=?
2025-12-08 10:04:36 [http-nio-8080-exec-10] DEBUG org.hibernate.SQL - 
    select
        c1_0.id,
        c1_0.actif,
        c1_0.altitude,
        c1_0.arrondissement,
        c1_0.code,
        c1_0.code_postal,
        c1_0.created_at,
        c1_0.departement_id,
        c1_0.latitude,
        c1_0.longitude,
        c1_0.nom,
        c1_0.ordre,
        c1_0.population,
        c1_0.superficie,
        c1_0.type_commune,
        c1_0.updated_at,
        c1_0.zone_urbaine 
    from
        communes c1_0 
    where
        c1_0.id=?
2025-12-08 10:04:36 [http-nio-8080-exec-10] DEBUG org.hibernate.SQL - 
    select
        c1_0.id,
        c1_0.actif,
        c1_0.altitude,
        c1_0.arrondissement,
        c1_0.code,
        c1_0.code_postal,
        c1_0.created_at,
        c1_0.departement_id,
        c1_0.latitude,
        c1_0.longitude,
        c1_0.nom,
        c1_0.ordre,
        c1_0.population,
        c1_0.superficie,
        c1_0.type_commune,
        c1_0.updated_at,
        c1_0.zone_urbaine 
    from
        communes c1_0 
    where
        c1_0.id=?
2025-12-08 10:04:36 [http-nio-8080-exec-10] DEBUG org.hibernate.SQL - 
    select
        p1_0.id,
        p1_0.actif,
        p1_0.annee_diplome,
        p1_0.carte_ordre_url,
        p1_0.cin_url,
        p1_0.compte_verifie,
        p1_0.created_at,
        p1_0.date_debut_abonnement,
        p1_0.date_debut_essai,
        p1_0.date_dernier_paiement,
        p1_0.date_fin_abonnement,
        p1_0.date_fin_essai,
        p1_0.date_naissance,
        p1_0.date_verification_compte,
        p1_0.derniere_connexion,
        p1_0.diplome_url,
        p1_0.email,
        p1_0.essai_gratuit,
        p1_0.montant_mensuel,
        p1_0.mot_de_passe_hash,
        p1_0.nom,
        p1_0.nombre_employes_max,
        p1_0.nombre_pharmacies_actuelles,
        p1_0.nombre_pharmacies_max,
        p1_0.notifications_email,
        p1_0.notifications_push,
        p1_0.notifications_sms,
        p1_0.numero_ordre_national,
        p1_0.photo_url,
        p1_0.plan,
        p1_0.prenom,
        p1_0.prochain_paiement,
        p1_0.renouvellement_automatique,
        p1_0.sexe,
        p1_0.statut_abonnement,
        p1_0.telephone,
        p1_0.type,
        p1_0.universite_formation,
        p1_0.updated_at,
        p1_0.valide_par_ordre 
    from
        pharmaciens p1_0 
    where
        p1_0.id=?
2025-12-08 10:04:36 [http-nio-8080-exec-10] DEBUG org.hibernate.SQL - 
    select
        c1_0.id,
        c1_0.actif,
        c1_0.altitude,
        c1_0.arrondissement,
        c1_0.code,
        c1_0.code_postal,
        c1_0.created_at,
        c1_0.departement_id,
        c1_0.latitude,
        c1_0.longitude,
        c1_0.nom,
        c1_0.ordre,
        c1_0.population,
        c1_0.superficie,
        c1_0.type_commune,
        c1_0.updated_at,
        c1_0.zone_urbaine 
    from
        communes c1_0 
    where
        c1_0.id=?
2025-12-08 10:04:36 [http-nio-8080-exec-10] DEBUG org.hibernate.SQL - 
    select
        p1_0.id,
        p1_0.actif,
        p1_0.annee_diplome,
        p1_0.carte_ordre_url,
        p1_0.cin_url,
        p1_0.compte_verifie,
        p1_0.created_at,
        p1_0.date_debut_abonnement,
        p1_0.date_debut_essai,
        p1_0.date_dernier_paiement,
        p1_0.date_fin_abonnement,
        p1_0.date_fin_essai,
        p1_0.date_naissance,
        p1_0.date_verification_compte,
        p1_0.derniere_connexion,
        p1_0.diplome_url,
        p1_0.email,
        p1_0.essai_gratuit,
        p1_0.montant_mensuel,
        p1_0.mot_de_passe_hash,
        p1_0.nom,
        p1_0.nombre_employes_max,
        p1_0.nombre_pharmacies_actuelles,
        p1_0.nombre_pharmacies_max,
        p1_0.notifications_email,
        p1_0.notifications_push,
        p1_0.notifications_sms,
        p1_0.numero_ordre_national,
        p1_0.photo_url,
        p1_0.plan,
        p1_0.prenom,
        p1_0.prochain_paiement,
        p1_0.renouvellement_automatique,
        p1_0.sexe,
        p1_0.statut_abonnement,
        p1_0.telephone,
        p1_0.type,
        p1_0.universite_formation,
        p1_0.updated_at,
        p1_0.valide_par_ordre 
    from
        pharmaciens p1_0 
    where
        p1_0.id=?
2025-12-08 10:04:36 [http-nio-8080-exec-10] DEBUG org.hibernate.SQL - 
    select
        p1_0.id,
        p1_0.actif,
        p1_0.annee_diplome,
        p1_0.carte_ordre_url,
        p1_0.cin_url,
        p1_0.compte_verifie,
        p1_0.created_at,
        p1_0.date_debut_abonnement,
        p1_0.date_debut_essai,
        p1_0.date_dernier_paiement,
        p1_0.date_fin_abonnement,
        p1_0.date_fin_essai,
        p1_0.date_naissance,
        p1_0.date_verification_compte,
        p1_0.derniere_connexion,
        p1_0.diplome_url,
        p1_0.email,
        p1_0.essai_gratuit,
        p1_0.montant_mensuel,
        p1_0.mot_de_passe_hash,
        p1_0.nom,
        p1_0.nombre_employes_max,
        p1_0.nombre_pharmacies_actuelles,
        p1_0.nombre_pharmacies_max,
        p1_0.notifications_email,
        p1_0.notifications_push,
        p1_0.notifications_sms,
        p1_0.numero_ordre_national,
        p1_0.photo_url,
        p1_0.plan,
        p1_0.prenom,
        p1_0.prochain_paiement,
        p1_0.renouvellement_automatique,
        p1_0.sexe,
        p1_0.statut_abonnement,
        p1_0.telephone,
        p1_0.type,
        p1_0.universite_formation,
        p1_0.updated_at,
        p1_0.valide_par_ordre 
    from
        pharmaciens p1_0 
    where
        p1_0.id=?
2025-12-08 10:04:36 [http-nio-8080-exec-10] DEBUG org.hibernate.SQL - 
    select
        p1_0.id,
        p1_0.actif,
        p1_0.annee_diplome,
        p1_0.carte_ordre_url,
        p1_0.cin_url,
        p1_0.compte_verifie,
        p1_0.created_at,
        p1_0.date_debut_abonnement,
        p1_0.date_debut_essai,
        p1_0.date_dernier_paiement,
        p1_0.date_fin_abonnement,
        p1_0.date_fin_essai,
        p1_0.date_naissance,
        p1_0.date_verification_compte,
        p1_0.derniere_connexion,
        p1_0.diplome_url,
        p1_0.email,
        p1_0.essai_gratuit,
        p1_0.montant_mensuel,
        p1_0.mot_de_passe_hash,
        p1_0.nom,
        p1_0.nombre_employes_max,
        p1_0.nombre_pharmacies_actuelles,
        p1_0.nombre_pharmacies_max,
        p1_0.notifications_email,
        p1_0.notifications_push,
        p1_0.notifications_sms,
        p1_0.numero_ordre_national,
        p1_0.photo_url,
        p1_0.plan,
        p1_0.prenom,
        p1_0.prochain_paiement,
        p1_0.renouvellement_automatique,
        p1_0.sexe,
        p1_0.statut_abonnement,
        p1_0.telephone,
        p1_0.type,
        p1_0.universite_formation,
        p1_0.updated_at,
        p1_0.valide_par_ordre 
    from
        pharmaciens p1_0 
    where
        p1_0.id=?
2025-12-08 10:04:36 [http-nio-8080-exec-10] DEBUG org.hibernate.SQL - 
    select
        p1_0.id,
        p1_0.actif,
        p1_0.annee_diplome,
        p1_0.carte_ordre_url,
        p1_0.cin_url,
        p1_0.compte_verifie,
        p1_0.created_at,
        p1_0.date_debut_abonnement,
        p1_0.date_debut_essai,
        p1_0.date_dernier_paiement,
        p1_0.date_fin_abonnement,
        p1_0.date_fin_essai,
        p1_0.date_naissance,
        p1_0.date_verification_compte,
        p1_0.derniere_connexion,
        p1_0.diplome_url,
        p1_0.email,
        p1_0.essai_gratuit,
        p1_0.montant_mensuel,
        p1_0.mot_de_passe_hash,
        p1_0.nom,
        p1_0.nombre_employes_max,
        p1_0.nombre_pharmacies_actuelles,
        p1_0.nombre_pharmacies_max,
        p1_0.notifications_email,
        p1_0.notifications_push,
        p1_0.notifications_sms,
        p1_0.numero_ordre_national,
        p1_0.photo_url,
        p1_0.plan,
        p1_0.prenom,
        p1_0.prochain_paiement,
        p1_0.renouvellement_automatique,
        p1_0.sexe,
        p1_0.statut_abonnement,
        p1_0.telephone,
        p1_0.type,
        p1_0.universite_formation,
        p1_0.updated_at,
        p1_0.valide_par_ordre 
    from
        pharmaciens p1_0 
    where
        p1_0.id=?
2025-12-08 10:04:36 [http-nio-8080-exec-10] DEBUG org.hibernate.SQL - 
    select
        p1_0.id,
        p1_0.actif,
        p1_0.annee_diplome,
        p1_0.carte_ordre_url,
        p1_0.cin_url,
        p1_0.compte_verifie,
        p1_0.created_at,
        p1_0.date_debut_abonnement,
        p1_0.date_debut_essai,
        p1_0.date_dernier_paiement,
        p1_0.date_fin_abonnement,
        p1_0.date_fin_essai,
        p1_0.date_naissance,
        p1_0.date_verification_compte,
        p1_0.derniere_connexion,
        p1_0.diplome_url,
        p1_0.email,
        p1_0.essai_gratuit,
        p1_0.montant_mensuel,
        p1_0.mot_de_passe_hash,
        p1_0.nom,
        p1_0.nombre_employes_max,
        p1_0.nombre_pharmacies_actuelles,
        p1_0.nombre_pharmacies_max,
        p1_0.notifications_email,
        p1_0.notifications_push,
        p1_0.notifications_sms,
        p1_0.numero_ordre_national,
        p1_0.photo_url,
        p1_0.plan,
        p1_0.prenom,
        p1_0.prochain_paiement,
        p1_0.renouvellement_automatique,
        p1_0.sexe,
        p1_0.statut_abonnement,
        p1_0.telephone,
        p1_0.type,
        p1_0.universite_formation,
        p1_0.updated_at,
        p1_0.valide_par_ordre 
    from
        pharmaciens p1_0 
    where
        p1_0.id=?
2025-12-08 10:04:36 [http-nio-8080-exec-10] DEBUG org.hibernate.SQL - 
    select
        p1_0.id,
        p1_0.actif,
        p1_0.annee_diplome,
        p1_0.carte_ordre_url,
        p1_0.cin_url,
        p1_0.compte_verifie,
        p1_0.created_at,
        p1_0.date_debut_abonnement,
        p1_0.date_debut_essai,
        p1_0.date_dernier_paiement,
        p1_0.date_fin_abonnement,
        p1_0.date_fin_essai,
        p1_0.date_naissance,
        p1_0.date_verification_compte,
        p1_0.derniere_connexion,
        p1_0.diplome_url,
        p1_0.email,
        p1_0.essai_gratuit,
        p1_0.montant_mensuel,
        p1_0.mot_de_passe_hash,
        p1_0.nom,
        p1_0.nombre_employes_max,
        p1_0.nombre_pharmacies_actuelles,
        p1_0.nombre_pharmacies_max,
        p1_0.notifications_email,
        p1_0.notifications_push,
        p1_0.notifications_sms,
        p1_0.numero_ordre_national,
        p1_0.photo_url,
        p1_0.plan,
        p1_0.prenom,
        p1_0.prochain_paiement,
        p1_0.renouvellement_automatique,
        p1_0.sexe,
        p1_0.statut_abonnement,
        p1_0.telephone,
        p1_0.type,
        p1_0.universite_formation,
        p1_0.updated_at,
        p1_0.valide_par_ordre 
    from
        pharmaciens p1_0 
    where
        p1_0.id=?
2025-12-08 10:04:36 [http-nio-8080-exec-10] DEBUG org.hibernate.SQL - 
    select
        p1_0.id,
        p1_0.actif,
        p1_0.annee_diplome,
        p1_0.carte_ordre_url,
        p1_0.cin_url,
        p1_0.compte_verifie,
        p1_0.created_at,
        p1_0.date_debut_abonnement,
        p1_0.date_debut_essai,
        p1_0.date_dernier_paiement,
        p1_0.date_fin_abonnement,
        p1_0.date_fin_essai,
        p1_0.date_naissance,
        p1_0.date_verification_compte,
        p1_0.derniere_connexion,
        p1_0.diplome_url,
        p1_0.email,
        p1_0.essai_gratuit,
        p1_0.montant_mensuel,
        p1_0.mot_de_passe_hash,
        p1_0.nom,
        p1_0.nombre_employes_max,
        p1_0.nombre_pharmacies_actuelles,
        p1_0.nombre_pharmacies_max,
        p1_0.notifications_email,
        p1_0.notifications_push,
        p1_0.notifications_sms,
        p1_0.numero_ordre_national,
        p1_0.photo_url,
        p1_0.plan,
        p1_0.prenom,
        p1_0.prochain_paiement,
        p1_0.renouvellement_automatique,
        p1_0.sexe,
        p1_0.statut_abonnement,
        p1_0.telephone,
        p1_0.type,
        p1_0.universite_formation,
        p1_0.updated_at,
        p1_0.valide_par_ordre 
    from
        pharmaciens p1_0 
    where
        p1_0.id=?
2025-12-08 10:04:36 [http-nio-8080-exec-10] DEBUG org.hibernate.SQL - 
    select
        p1_0.id,
        p1_0.actif,
        p1_0.annee_diplome,
        p1_0.carte_ordre_url,
        p1_0.cin_url,
        p1_0.compte_verifie,
        p1_0.created_at,
        p1_0.date_debut_abonnement,
        p1_0.date_debut_essai,
        p1_0.date_dernier_paiement,
        p1_0.date_fin_abonnement,
        p1_0.date_fin_essai,
        p1_0.date_naissance,
        p1_0.date_verification_compte,
        p1_0.derniere_connexion,
        p1_0.diplome_url,
        p1_0.email,
        p1_0.essai_gratuit,
        p1_0.montant_mensuel,
        p1_0.mot_de_passe_hash,
        p1_0.nom,
        p1_0.nombre_employes_max,
        p1_0.nombre_pharmacies_actuelles,
        p1_0.nombre_pharmacies_max,
        p1_0.notifications_email,
        p1_0.notifications_push,
        p1_0.notifications_sms,
        p1_0.numero_ordre_national,
        p1_0.photo_url,
        p1_0.plan,
        p1_0.prenom,
        p1_0.prochain_paiement,
        p1_0.renouvellement_automatique,
        p1_0.sexe,
        p1_0.statut_abonnement,
        p1_0.telephone,
        p1_0.type,
        p1_0.universite_formation,
        p1_0.updated_at,
        p1_0.valide_par_ordre 
    from
        pharmaciens p1_0 
    where
        p1_0.id=?
2025-12-08 10:04:36 [http-nio-8080-exec-10] DEBUG org.hibernate.SQL - 
    select
        p1_0.id,
        p1_0.actif,
        p1_0.annee_diplome,
        p1_0.carte_ordre_url,
        p1_0.cin_url,
        p1_0.compte_verifie,
        p1_0.created_at,
        p1_0.date_debut_abonnement,
        p1_0.date_debut_essai,
        p1_0.date_dernier_paiement,
        p1_0.date_fin_abonnement,
        p1_0.date_fin_essai,
        p1_0.date_naissance,
        p1_0.date_verification_compte,
        p1_0.derniere_connexion,
        p1_0.diplome_url,
        p1_0.email,
        p1_0.essai_gratuit,
        p1_0.montant_mensuel,
        p1_0.mot_de_passe_hash,
        p1_0.nom,
        p1_0.nombre_employes_max,
        p1_0.nombre_pharmacies_actuelles,
        p1_0.nombre_pharmacies_max,
        p1_0.notifications_email,
        p1_0.notifications_push,
        p1_0.notifications_sms,
        p1_0.numero_ordre_national,
        p1_0.photo_url,
        p1_0.plan,
        p1_0.prenom,
        p1_0.prochain_paiement,
        p1_0.renouvellement_automatique,
        p1_0.sexe,
        p1_0.statut_abonnement,
        p1_0.telephone,
        p1_0.type,
        p1_0.universite_formation,
        p1_0.updated_at,
        p1_0.valide_par_ordre 
    from
        pharmaciens p1_0 
    where
        p1_0.id=?
2025-12-08 10:04:36 [http-nio-8080-exec-10] DEBUG org.hibernate.SQL - 
    select
        p1_0.id,
        p1_0.actif,
        p1_0.annee_diplome,
        p1_0.carte_ordre_url,
        p1_0.cin_url,
        p1_0.compte_verifie,
        p1_0.created_at,
        p1_0.date_debut_abonnement,
        p1_0.date_debut_essai,
        p1_0.date_dernier_paiement,
        p1_0.date_fin_abonnement,
        p1_0.date_fin_essai,
        p1_0.date_naissance,
        p1_0.date_verification_compte,
        p1_0.derniere_connexion,
        p1_0.diplome_url,
        p1_0.email,
        p1_0.essai_gratuit,
        p1_0.montant_mensuel,
        p1_0.mot_de_passe_hash,
        p1_0.nom,
        p1_0.nombre_employes_max,
        p1_0.nombre_pharmacies_actuelles,
        p1_0.nombre_pharmacies_max,
        p1_0.notifications_email,
        p1_0.notifications_push,
        p1_0.notifications_sms,
        p1_0.numero_ordre_national,
        p1_0.photo_url,
        p1_0.plan,
        p1_0.prenom,
        p1_0.prochain_paiement,
        p1_0.renouvellement_automatique,
        p1_0.sexe,
        p1_0.statut_abonnement,
        p1_0.telephone,
        p1_0.type,
        p1_0.universite_formation,
        p1_0.updated_at,
        p1_0.valide_par_ordre 
    from
        pharmaciens p1_0 
    where
        p1_0.id=?
2025-12-08 10:04:36 [http-nio-8080-exec-10] DEBUG org.hibernate.SQL - 
    select
        p1_0.id,
        p1_0.actif,
        p1_0.annee_diplome,
        p1_0.carte_ordre_url,
        p1_0.cin_url,
        p1_0.compte_verifie,
        p1_0.created_at,
        p1_0.date_debut_abonnement,
        p1_0.date_debut_essai,
        p1_0.date_dernier_paiement,
        p1_0.date_fin_abonnement,
        p1_0.date_fin_essai,
        p1_0.date_naissance,
        p1_0.date_verification_compte,
        p1_0.derniere_connexion,
        p1_0.diplome_url,
        p1_0.email,
        p1_0.essai_gratuit,
        p1_0.montant_mensuel,
        p1_0.mot_de_passe_hash,
        p1_0.nom,
        p1_0.nombre_employes_max,
        p1_0.nombre_pharmacies_actuelles,
        p1_0.nombre_pharmacies_max,
        p1_0.notifications_email,
        p1_0.notifications_push,
        p1_0.notifications_sms,
        p1_0.numero_ordre_national,
        p1_0.photo_url,
        p1_0.plan,
        p1_0.prenom,
        p1_0.prochain_paiement,
        p1_0.renouvellement_automatique,
        p1_0.sexe,
        p1_0.statut_abonnement,
        p1_0.telephone,
        p1_0.type,
        p1_0.universite_formation,
        p1_0.updated_at,
        p1_0.valide_par_ordre 
    from
        pharmaciens p1_0 
    where
        p1_0.id=?
2025-12-08 10:04:36 [http-nio-8080-exec-10] DEBUG org.hibernate.SQL - 
    select
        p1_0.id,
        p1_0.actif,
        p1_0.annee_diplome,
        p1_0.carte_ordre_url,
        p1_0.cin_url,
        p1_0.compte_verifie,
        p1_0.created_at,
        p1_0.date_debut_abonnement,
        p1_0.date_debut_essai,
        p1_0.date_dernier_paiement,
        p1_0.date_fin_abonnement,
        p1_0.date_fin_essai,
        p1_0.date_naissance,
        p1_0.date_verification_compte,
        p1_0.derniere_connexion,
        p1_0.diplome_url,
        p1_0.email,
        p1_0.essai_gratuit,
        p1_0.montant_mensuel,
        p1_0.mot_de_passe_hash,
        p1_0.nom,
        p1_0.nombre_employes_max,
        p1_0.nombre_pharmacies_actuelles,
        p1_0.nombre_pharmacies_max,
        p1_0.notifications_email,
        p1_0.notifications_push,
        p1_0.notifications_sms,
        p1_0.numero_ordre_national,
        p1_0.photo_url,
        p1_0.plan,
        p1_0.prenom,
        p1_0.prochain_paiement,
        p1_0.renouvellement_automatique,
        p1_0.sexe,
        p1_0.statut_abonnement,
        p1_0.telephone,
        p1_0.type,
        p1_0.universite_formation,
        p1_0.updated_at,
        p1_0.valide_par_ordre 
    from
        pharmaciens p1_0 
    where
        p1_0.id=?
2025-12-08 10:04:36 [http-nio-8080-exec-10] DEBUG org.hibernate.SQL - 
    select
        p1_0.id,
        p1_0.actif,
        p1_0.annee_diplome,
        p1_0.carte_ordre_url,
        p1_0.cin_url,
        p1_0.compte_verifie,
        p1_0.created_at,
        p1_0.date_debut_abonnement,
        p1_0.date_debut_essai,
        p1_0.date_dernier_paiement,
        p1_0.date_fin_abonnement,
        p1_0.date_fin_essai,
        p1_0.date_naissance,
        p1_0.date_verification_compte,
        p1_0.derniere_connexion,
        p1_0.diplome_url,
        p1_0.email,
        p1_0.essai_gratuit,
        p1_0.montant_mensuel,
        p1_0.mot_de_passe_hash,
        p1_0.nom,
        p1_0.nombre_employes_max,
        p1_0.nombre_pharmacies_actuelles,
        p1_0.nombre_pharmacies_max,
        p1_0.notifications_email,
        p1_0.notifications_push,
        p1_0.notifications_sms,
        p1_0.numero_ordre_national,
        p1_0.photo_url,
        p1_0.plan,
        p1_0.prenom,
        p1_0.prochain_paiement,
        p1_0.renouvellement_automatique,
        p1_0.sexe,
        p1_0.statut_abonnement,
        p1_0.telephone,
        p1_0.type,
        p1_0.universite_formation,
        p1_0.updated_at,
        p1_0.valide_par_ordre 
    from
        pharmaciens p1_0 
    where
        p1_0.id=?
2025-12-08 10:04:36 [http-nio-8080-exec-10] DEBUG org.hibernate.SQL - 
    select
        p1_0.id,
        p1_0.actif,
        p1_0.annee_diplome,
        p1_0.carte_ordre_url,
        p1_0.cin_url,
        p1_0.compte_verifie,
        p1_0.created_at,
        p1_0.date_debut_abonnement,
        p1_0.date_debut_essai,
        p1_0.date_dernier_paiement,
        p1_0.date_fin_abonnement,
        p1_0.date_fin_essai,
        p1_0.date_naissance,
        p1_0.date_verification_compte,
        p1_0.derniere_connexion,
        p1_0.diplome_url,
        p1_0.email,
        p1_0.essai_gratuit,
        p1_0.montant_mensuel,
        p1_0.mot_de_passe_hash,
        p1_0.nom,
        p1_0.nombre_employes_max,
        p1_0.nombre_pharmacies_actuelles,
        p1_0.nombre_pharmacies_max,
        p1_0.notifications_email,
        p1_0.notifications_push,
        p1_0.notifications_sms,
        p1_0.numero_ordre_national,
        p1_0.photo_url,
        p1_0.plan,
        p1_0.prenom,
        p1_0.prochain_paiement,
        p1_0.renouvellement_automatique,
        p1_0.sexe,
        p1_0.statut_abonnement,
        p1_0.telephone,
        p1_0.type,
        p1_0.universite_formation,
        p1_0.updated_at,
        p1_0.valide_par_ordre 
    from
        pharmaciens p1_0 
    where
        p1_0.id=?
2025-12-08 10:04:36 [http-nio-8080-exec-10] DEBUG org.hibernate.SQL - 
    select
        p1_0.id,
        p1_0.actif,
        p1_0.annee_diplome,
        p1_0.carte_ordre_url,
        p1_0.cin_url,
        p1_0.compte_verifie,
        p1_0.created_at,
        p1_0.date_debut_abonnement,
        p1_0.date_debut_essai,
        p1_0.date_dernier_paiement,
        p1_0.date_fin_abonnement,
        p1_0.date_fin_essai,
        p1_0.date_naissance,
        p1_0.date_verification_compte,
        p1_0.derniere_connexion,
        p1_0.diplome_url,
        p1_0.email,
        p1_0.essai_gratuit,
        p1_0.montant_mensuel,
        p1_0.mot_de_passe_hash,
        p1_0.nom,
        p1_0.nombre_employes_max,
        p1_0.nombre_pharmacies_actuelles,
        p1_0.nombre_pharmacies_max,
        p1_0.notifications_email,
        p1_0.notifications_push,
        p1_0.notifications_sms,
        p1_0.numero_ordre_national,
        p1_0.photo_url,
        p1_0.plan,
        p1_0.prenom,
        p1_0.prochain_paiement,
        p1_0.renouvellement_automatique,
        p1_0.sexe,
        p1_0.statut_abonnement,
        p1_0.telephone,
        p1_0.type,
        p1_0.universite_formation,
        p1_0.updated_at,
        p1_0.valide_par_ordre 
    from
        pharmaciens p1_0 
    where
        p1_0.id=?
2025-12-08 10:04:36 [http-nio-8080-exec-10] DEBUG org.hibernate.SQL - 
    select
        p1_0.id,
        p1_0.actif,
        p1_0.annee_diplome,
        p1_0.carte_ordre_url,
        p1_0.cin_url,
        p1_0.compte_verifie,
        p1_0.created_at,
        p1_0.date_debut_abonnement,
        p1_0.date_debut_essai,
        p1_0.date_dernier_paiement,
        p1_0.date_fin_abonnement,
        p1_0.date_fin_essai,
        p1_0.date_naissance,
        p1_0.date_verification_compte,
        p1_0.derniere_connexion,
        p1_0.diplome_url,
        p1_0.email,
        p1_0.essai_gratuit,
        p1_0.montant_mensuel,
        p1_0.mot_de_passe_hash,
        p1_0.nom,
        p1_0.nombre_employes_max,
        p1_0.nombre_pharmacies_actuelles,
        p1_0.nombre_pharmacies_max,
        p1_0.notifications_email,
        p1_0.notifications_push,
        p1_0.notifications_sms,
        p1_0.numero_ordre_national,
        p1_0.photo_url,
        p1_0.plan,
        p1_0.prenom,
        p1_0.prochain_paiement,
        p1_0.renouvellement_automatique,
        p1_0.sexe,
        p1_0.statut_abonnement,
        p1_0.telephone,
        p1_0.type,
        p1_0.universite_formation,
        p1_0.updated_at,
        p1_0.valide_par_ordre 
    from
        pharmaciens p1_0 
    where
        p1_0.id=?
2025-12-08 10:04:36 [http-nio-8080-exec-10] DEBUG org.hibernate.SQL - 
    select
        p1_0.id,
        p1_0.actif,
        p1_0.annee_diplome,
        p1_0.carte_ordre_url,
        p1_0.cin_url,
        p1_0.compte_verifie,
        p1_0.created_at,
        p1_0.date_debut_abonnement,
        p1_0.date_debut_essai,
        p1_0.date_dernier_paiement,
        p1_0.date_fin_abonnement,
        p1_0.date_fin_essai,
        p1_0.date_naissance,
        p1_0.date_verification_compte,
        p1_0.derniere_connexion,
        p1_0.diplome_url,
        p1_0.email,
        p1_0.essai_gratuit,
        p1_0.montant_mensuel,
        p1_0.mot_de_passe_hash,
        p1_0.nom,
        p1_0.nombre_employes_max,
        p1_0.nombre_pharmacies_actuelles,
        p1_0.nombre_pharmacies_max,
        p1_0.notifications_email,
        p1_0.notifications_push,
        p1_0.notifications_sms,
        p1_0.numero_ordre_national,
        p1_0.photo_url,
        p1_0.plan,
        p1_0.prenom,
        p1_0.prochain_paiement,
        p1_0.renouvellement_automatique,
        p1_0.sexe,
        p1_0.statut_abonnement,
        p1_0.telephone,
        p1_0.type,
        p1_0.universite_formation,
        p1_0.updated_at,
        p1_0.valide_par_ordre 
    from
        pharmaciens p1_0 
    where
        p1_0.id=?
2025-12-08 10:04:36 [http-nio-8080-exec-10] DEBUG o.s.w.s.m.m.a.HttpEntityMethodProcessor - Using 'application/json', given [application/json] and supported [application/json, application/*+json, application/yaml]
2025-12-08 10:04:36 [http-nio-8080-exec-10] DEBUG o.s.w.s.m.m.a.HttpEntityMethodProcessor - Writing [ApiResponse[success=true, message=Pharmacies de la région (55), data=[{id=1ece556e-bf35-45de-9df2-ae (truncated)...]
2025-12-08 10:04:36 [http-nio-8080-exec-10] DEBUG o.s.web.servlet.DispatcherServlet - Completed 200 OK
2025-12-08 10:04:47 [http-nio-8080-exec-8] DEBUG o.s.security.web.FilterChainProxy - Securing GET /api/v1/public/gardes/aujourd-hui?communeId=4eeb7a49-aa53-44f6-8b0a-9a93b8a4687c
2025-12-08 10:04:47 [http-nio-8080-exec-8] DEBUG o.s.s.w.a.AnonymousAuthenticationFilter - Set SecurityContextHolder to anonymous SecurityContext
2025-12-08 10:04:47 [http-nio-8080-exec-8] DEBUG o.s.security.web.FilterChainProxy - Secured GET /api/v1/public/gardes/aujourd-hui?communeId=4eeb7a49-aa53-44f6-8b0a-9a93b8a4687c
2025-12-08 10:04:47 [http-nio-8080-exec-8] DEBUG o.s.web.servlet.DispatcherServlet - GET "/api/v1/public/gardes/aujourd-hui?communeId=4eeb7a49-aa53-44f6-8b0a-9a93b8a4687c", parameters={masked}
2025-12-08 10:04:47 [http-nio-8080-exec-8] DEBUG o.s.w.s.m.m.a.RequestMappingHandlerMapping - Mapped to sn.sunufarmasi.shared.controller.PublicApiController#getGardesAujourdHui(UUID, UUID, UUID)
2025-12-08 10:04:47 [http-nio-8080-exec-8] INFO  s.s.s.controller.PublicApiController - GET /api/v1/public/gardes/aujourd-hui - commune=4eeb7a49-aa53-44f6-8b0a-9a93b8a4687c, dept=null, region=null
2025-12-08 10:04:47 [http-nio-8080-exec-8] DEBUG org.hibernate.SQL - 
    /* SELECT
        g 
    FROM
        Garde g 
    WHERE
        g.commune.id = :communeId 
        AND :date BETWEEN g.dateDebut AND g.dateFin 
        AND g.statut NOT IN ('ANNULEE') */ select
            g1_0.id,
            g1_0.commune_id,
            g1_0.confirme_par_pharmacie,
            g1_0.created_at,
            g1_0.cree_par_id,
            g1_0.cree_par_nom,
            g1_0.date_confirmation,
            g1_0.date_debut,
            g1_0.date_fin,
            g1_0.date_notification,
            g1_0.date_rappel,
            g1_0.departement_id,
            g1_0.est_remplacement,
            g1_0.garde_remplacee_id,
            g1_0.heure_debut,
            g1_0.heure_fin,
            g1_0.latitude,
            g1_0.longitude,
            g1_0.motif_annulation,
            g1_0.notes,
            g1_0.notification_envoyee,
            g1_0.numero_semaine,
            g1_0.pharmacie_id,
            g1_0.planning_id,
            g1_0.rappel_envoye,
            g1_0.statut,
            g1_0.type_garde,
            g1_0.updated_at,
            g1_0.zone_nom 
        from
            gardes g1_0 
        where
            g1_0.commune_id=? 
            and ? between g1_0.date_debut and g1_0.date_fin 
            and g1_0.statut not in ('ANNULEE')
2025-12-08 10:04:47 [http-nio-8080-exec-8] DEBUG org.hibernate.SQL - 
    select
        p1_0.id,
        p1_0.accepte_commandes,
        p1_0.adresse_complete,
        p1_0.agrement_ministere_url,
        p1_0.assurance_url,
        p1_0.code,
        p1_0.commune_id,
        p1_0.created_at,
        p1_0.date_ouverture,
        p1_0.date_validation,
        p1_0.email,
        p1_0.horaires,
        p1_0.latitude,
        p1_0.lien_google_maps,
        p1_0.logo_url,
        p1_0.longitude,
        p1_0.motif_rejet,
        p1_0.nom,
        p1_0.notifications_actives,
        p1_0.numero_agrement_ministere,
        p1_0.numero_ordre,
        p1_0.pharmacien_proprietaire_id,
        p1_0.photo_facade_url,
        p1_0.photos_interieures_urls,
        p1_0.propose_livraison,
        p1_0.quartier,
        p1_0.raison_sociale,
        p1_0.rayon_livraison_km,
        p1_0.registre_commerce_url,
        p1_0.site_web,
        p1_0.statut,
        p1_0.syndicat_id,
        p1_0.telephone,
        p1_0.telephone_secondaire,
        p1_0.updated_at,
        p1_0.valide_par_id,
        p1_0.valide_par_nom 
    from
        pharmacies p1_0 
    where
        p1_0.id=?
2025-12-08 10:04:47 [http-nio-8080-exec-8] DEBUG org.hibernate.SQL - 
    select
        c1_0.id,
        c1_0.actif,
        c1_0.altitude,
        c1_0.arrondissement,
        c1_0.code,
        c1_0.code_postal,
        c1_0.created_at,
        c1_0.departement_id,
        c1_0.latitude,
        c1_0.longitude,
        c1_0.nom,
        c1_0.ordre,
        c1_0.population,
        c1_0.superficie,
        c1_0.type_commune,
        c1_0.updated_at,
        c1_0.zone_urbaine 
    from
        communes c1_0 
    where
        c1_0.id=?
2025-12-08 10:04:47 [http-nio-8080-exec-8] DEBUG org.hibernate.SQL - 
    select
        d1_0.id,
        d1_0.actif,
        d1_0.chef_lieu,
        d1_0.code,
        d1_0.created_at,
        d1_0.latitude,
        d1_0.longitude,
        d1_0.nom,
        d1_0.ordre,
        d1_0.population,
        d1_0.region_id,
        d1_0.superficie,
        d1_0.updated_at 
    from
        departements d1_0 
    where
        d1_0.id=?
2025-12-08 10:04:47 [http-nio-8080-exec-8] DEBUG org.hibernate.SQL - 
    select
        r1_0.id,
        r1_0.actif,
        r1_0.chef_lieu,
        r1_0.code,
        r1_0.created_at,
        r1_0.latitude,
        r1_0.longitude,
        r1_0.nom,
        r1_0.ordre,
        r1_0.pays_id,
        r1_0.population,
        r1_0.superficie,
        r1_0.updated_at 
    from
        regions r1_0 
    where
        r1_0.id=?
2025-12-08 10:04:47 [http-nio-8080-exec-8] DEBUG org.hibernate.SQL - 
    select
        p1_0.id,
        p1_0.actif,
        p1_0.annee_diplome,
        p1_0.carte_ordre_url,
        p1_0.cin_url,
        p1_0.compte_verifie,
        p1_0.created_at,
        p1_0.date_debut_abonnement,
        p1_0.date_debut_essai,
        p1_0.date_dernier_paiement,
        p1_0.date_fin_abonnement,
        p1_0.date_fin_essai,
        p1_0.date_naissance,
        p1_0.date_verification_compte,
        p1_0.derniere_connexion,
        p1_0.diplome_url,
        p1_0.email,
        p1_0.essai_gratuit,
        p1_0.montant_mensuel,
        p1_0.mot_de_passe_hash,
        p1_0.nom,
        p1_0.nombre_employes_max,
        p1_0.nombre_pharmacies_actuelles,
        p1_0.nombre_pharmacies_max,
        p1_0.notifications_email,
        p1_0.notifications_push,
        p1_0.notifications_sms,
        p1_0.numero_ordre_national,
        p1_0.photo_url,
        p1_0.plan,
        p1_0.prenom,
        p1_0.prochain_paiement,
        p1_0.renouvellement_automatique,
        p1_0.sexe,
        p1_0.statut_abonnement,
        p1_0.telephone,
        p1_0.type,
        p1_0.universite_formation,
        p1_0.updated_at,
        p1_0.valide_par_ordre 
    from
        pharmaciens p1_0 
    where
        p1_0.id=?
2025-12-08 10:04:47 [http-nio-8080-exec-8] DEBUG o.s.w.s.m.m.a.HttpEntityMethodProcessor - Using 'application/json', given [application/json] and supported [application/json, application/*+json, application/yaml]
2025-12-08 10:04:47 [http-nio-8080-exec-8] DEBUG o.s.w.s.m.m.a.HttpEntityMethodProcessor - Writing [ApiResponse[success=true, message=Pharmacies de garde le 2025-12-08, data=[{id=5eec565f-b867-4b5f-a8 (truncated)...]
2025-12-08 10:04:47 [http-nio-8080-exec-8] DEBUG o.s.web.servlet.DispatcherServlet - Completed 200 OK
2025-12-08 10:04:47 [http-nio-8080-exec-4] DEBUG o.s.security.web.FilterChainProxy - Securing GET /api/v1/public/pharmacies?communeId=4eeb7a49-aa53-44f6-8b0a-9a93b8a4687c
2025-12-08 10:04:47 [http-nio-8080-exec-4] DEBUG o.s.s.w.a.AnonymousAuthenticationFilter - Set SecurityContextHolder to anonymous SecurityContext
2025-12-08 10:04:47 [http-nio-8080-exec-4] DEBUG o.s.security.web.FilterChainProxy - Secured GET /api/v1/public/pharmacies?communeId=4eeb7a49-aa53-44f6-8b0a-9a93b8a4687c
2025-12-08 10:04:47 [http-nio-8080-exec-4] DEBUG o.s.web.servlet.DispatcherServlet - GET "/api/v1/public/pharmacies?communeId=4eeb7a49-aa53-44f6-8b0a-9a93b8a4687c", parameters={masked}
2025-12-08 10:04:47 [http-nio-8080-exec-4] DEBUG o.s.w.s.m.m.a.RequestMappingHandlerMapping - Mapped to sn.sunufarmasi.shared.controller.PublicApiController#getPharmacies(UUID, UUID, UUID, String)
2025-12-08 10:04:47 [http-nio-8080-exec-4] INFO  s.s.s.controller.PublicApiController - GET /api/v1/public/pharmacies - commune=4eeb7a49-aa53-44f6-8b0a-9a93b8a4687c, dept=null, region=null, search=null
2025-12-08 10:04:47 [http-nio-8080-exec-4] DEBUG org.hibernate.SQL - 
    /* <criteria> */ select
        p1_0.id,
        p1_0.accepte_commandes,
        p1_0.adresse_complete,
        p1_0.agrement_ministere_url,
        p1_0.assurance_url,
        p1_0.code,
        p1_0.commune_id,
        p1_0.created_at,
        p1_0.date_ouverture,
        p1_0.date_validation,
        p1_0.email,
        p1_0.horaires,
        p1_0.latitude,
        p1_0.lien_google_maps,
        p1_0.logo_url,
        p1_0.longitude,
        p1_0.motif_rejet,
        p1_0.nom,
        p1_0.notifications_actives,
        p1_0.numero_agrement_ministere,
        p1_0.numero_ordre,
        p1_0.pharmacien_proprietaire_id,
        p1_0.photo_facade_url,
        p1_0.photos_interieures_urls,
        p1_0.propose_livraison,
        p1_0.quartier,
        p1_0.raison_sociale,
        p1_0.rayon_livraison_km,
        p1_0.registre_commerce_url,
        p1_0.site_web,
        p1_0.statut,
        p1_0.syndicat_id,
        p1_0.telephone,
        p1_0.telephone_secondaire,
        p1_0.updated_at,
        p1_0.valide_par_id,
        p1_0.valide_par_nom 
    from
        pharmacies p1_0 
    left join
        communes c1_0 
            on c1_0.id=p1_0.commune_id 
    where
        c1_0.id=? 
        and p1_0.statut=?
2025-12-08 10:04:47 [http-nio-8080-exec-4] INFO  s.s.s.controller.PublicApiController - Filtre par commune 4eeb7a49-aa53-44f6-8b0a-9a93b8a4687c → 11 pharmacies
2025-12-08 10:04:47 [http-nio-8080-exec-4] DEBUG org.hibernate.SQL - 
    select
        c1_0.id,
        c1_0.actif,
        c1_0.altitude,
        c1_0.arrondissement,
        c1_0.code,
        c1_0.code_postal,
        c1_0.created_at,
        c1_0.departement_id,
        c1_0.latitude,
        c1_0.longitude,
        c1_0.nom,
        c1_0.ordre,
        c1_0.population,
        c1_0.superficie,
        c1_0.type_commune,
        c1_0.updated_at,
        c1_0.zone_urbaine 
    from
        communes c1_0 
    where
        c1_0.id=?
2025-12-08 10:04:47 [http-nio-8080-exec-4] DEBUG org.hibernate.SQL - 
    select
        d1_0.id,
        d1_0.actif,
        d1_0.chef_lieu,
        d1_0.code,
        d1_0.created_at,
        d1_0.latitude,
        d1_0.longitude,
        d1_0.nom,
        d1_0.ordre,
        d1_0.population,
        d1_0.region_id,
        d1_0.superficie,
        d1_0.updated_at 
    from
        departements d1_0 
    where
        d1_0.id=?
2025-12-08 10:04:47 [http-nio-8080-exec-4] DEBUG org.hibernate.SQL - 
    select
        r1_0.id,
        r1_0.actif,
        r1_0.chef_lieu,
        r1_0.code,
        r1_0.created_at,
        r1_0.latitude,
        r1_0.longitude,
        r1_0.nom,
        r1_0.ordre,
        r1_0.pays_id,
        r1_0.population,
        r1_0.superficie,
        r1_0.updated_at 
    from
        regions r1_0 
    where
        r1_0.id=?
2025-12-08 10:04:47 [http-nio-8080-exec-4] DEBUG org.hibernate.SQL - 
    select
        p1_0.id,
        p1_0.actif,
        p1_0.annee_diplome,
        p1_0.carte_ordre_url,
        p1_0.cin_url,
        p1_0.compte_verifie,
        p1_0.created_at,
        p1_0.date_debut_abonnement,
        p1_0.date_debut_essai,
        p1_0.date_dernier_paiement,
        p1_0.date_fin_abonnement,
        p1_0.date_fin_essai,
        p1_0.date_naissance,
        p1_0.date_verification_compte,
        p1_0.derniere_connexion,
        p1_0.diplome_url,
        p1_0.email,
        p1_0.essai_gratuit,
        p1_0.montant_mensuel,
        p1_0.mot_de_passe_hash,
        p1_0.nom,
        p1_0.nombre_employes_max,
        p1_0.nombre_pharmacies_actuelles,
        p1_0.nombre_pharmacies_max,
        p1_0.notifications_email,
        p1_0.notifications_push,
        p1_0.notifications_sms,
        p1_0.numero_ordre_national,
        p1_0.photo_url,
        p1_0.plan,
        p1_0.prenom,
        p1_0.prochain_paiement,
        p1_0.renouvellement_automatique,
        p1_0.sexe,
        p1_0.statut_abonnement,
        p1_0.telephone,
        p1_0.type,
        p1_0.universite_formation,
        p1_0.updated_at,
        p1_0.valide_par_ordre 
    from
        pharmaciens p1_0 
    where
        p1_0.id=?
2025-12-08 10:04:47 [http-nio-8080-exec-4] DEBUG org.hibernate.SQL - 
    select
        p1_0.id,
        p1_0.actif,
        p1_0.annee_diplome,
        p1_0.carte_ordre_url,
        p1_0.cin_url,
        p1_0.compte_verifie,
        p1_0.created_at,
        p1_0.date_debut_abonnement,
        p1_0.date_debut_essai,
        p1_0.date_dernier_paiement,
        p1_0.date_fin_abonnement,
        p1_0.date_fin_essai,
        p1_0.date_naissance,
        p1_0.date_verification_compte,
        p1_0.derniere_connexion,
        p1_0.diplome_url,
        p1_0.email,
        p1_0.essai_gratuit,
        p1_0.montant_mensuel,
        p1_0.mot_de_passe_hash,
        p1_0.nom,
        p1_0.nombre_employes_max,
        p1_0.nombre_pharmacies_actuelles,
        p1_0.nombre_pharmacies_max,
        p1_0.notifications_email,
        p1_0.notifications_push,
        p1_0.notifications_sms,
        p1_0.numero_ordre_national,
        p1_0.photo_url,
        p1_0.plan,
        p1_0.prenom,
        p1_0.prochain_paiement,
        p1_0.renouvellement_automatique,
        p1_0.sexe,
        p1_0.statut_abonnement,
        p1_0.telephone,
        p1_0.type,
        p1_0.universite_formation,
        p1_0.updated_at,
        p1_0.valide_par_ordre 
    from
        pharmaciens p1_0 
    where
        p1_0.id=?
2025-12-08 10:04:47 [http-nio-8080-exec-4] DEBUG org.hibernate.SQL - 
    select
        p1_0.id,
        p1_0.actif,
        p1_0.annee_diplome,
        p1_0.carte_ordre_url,
        p1_0.cin_url,
        p1_0.compte_verifie,
        p1_0.created_at,
        p1_0.date_debut_abonnement,
        p1_0.date_debut_essai,
        p1_0.date_dernier_paiement,
        p1_0.date_fin_abonnement,
        p1_0.date_fin_essai,
        p1_0.date_naissance,
        p1_0.date_verification_compte,
        p1_0.derniere_connexion,
        p1_0.diplome_url,
        p1_0.email,
        p1_0.essai_gratuit,
        p1_0.montant_mensuel,
        p1_0.mot_de_passe_hash,
        p1_0.nom,
        p1_0.nombre_employes_max,
        p1_0.nombre_pharmacies_actuelles,
        p1_0.nombre_pharmacies_max,
        p1_0.notifications_email,
        p1_0.notifications_push,
        p1_0.notifications_sms,
        p1_0.numero_ordre_national,
        p1_0.photo_url,
        p1_0.plan,
        p1_0.prenom,
        p1_0.prochain_paiement,
        p1_0.renouvellement_automatique,
        p1_0.sexe,
        p1_0.statut_abonnement,
        p1_0.telephone,
        p1_0.type,
        p1_0.universite_formation,
        p1_0.updated_at,
        p1_0.valide_par_ordre 
    from
        pharmaciens p1_0 
    where
        p1_0.id=?
2025-12-08 10:04:47 [http-nio-8080-exec-4] DEBUG org.hibernate.SQL - 
    select
        p1_0.id,
        p1_0.actif,
        p1_0.annee_diplome,
        p1_0.carte_ordre_url,
        p1_0.cin_url,
        p1_0.compte_verifie,
        p1_0.created_at,
        p1_0.date_debut_abonnement,
        p1_0.date_debut_essai,
        p1_0.date_dernier_paiement,
        p1_0.date_fin_abonnement,
        p1_0.date_fin_essai,
        p1_0.date_naissance,
        p1_0.date_verification_compte,
        p1_0.derniere_connexion,
        p1_0.diplome_url,
        p1_0.email,
        p1_0.essai_gratuit,
        p1_0.montant_mensuel,
        p1_0.mot_de_passe_hash,
        p1_0.nom,
        p1_0.nombre_employes_max,
        p1_0.nombre_pharmacies_actuelles,
        p1_0.nombre_pharmacies_max,
        p1_0.notifications_email,
        p1_0.notifications_push,
        p1_0.notifications_sms,
        p1_0.numero_ordre_national,
        p1_0.photo_url,
        p1_0.plan,
        p1_0.prenom,
        p1_0.prochain_paiement,
        p1_0.renouvellement_automatique,
        p1_0.sexe,
        p1_0.statut_abonnement,
        p1_0.telephone,
        p1_0.type,
        p1_0.universite_formation,
        p1_0.updated_at,
        p1_0.valide_par_ordre 
    from
        pharmaciens p1_0 
    where
        p1_0.id=?
2025-12-08 10:04:47 [http-nio-8080-exec-4] DEBUG org.hibernate.SQL - 
    select
        p1_0.id,
        p1_0.actif,
        p1_0.annee_diplome,
        p1_0.carte_ordre_url,
        p1_0.cin_url,
        p1_0.compte_verifie,
        p1_0.created_at,
        p1_0.date_debut_abonnement,
        p1_0.date_debut_essai,
        p1_0.date_dernier_paiement,
        p1_0.date_fin_abonnement,
        p1_0.date_fin_essai,
        p1_0.date_naissance,
        p1_0.date_verification_compte,
        p1_0.derniere_connexion,
        p1_0.diplome_url,
        p1_0.email,
        p1_0.essai_gratuit,
        p1_0.montant_mensuel,
        p1_0.mot_de_passe_hash,
        p1_0.nom,
        p1_0.nombre_employes_max,
        p1_0.nombre_pharmacies_actuelles,
        p1_0.nombre_pharmacies_max,
        p1_0.notifications_email,
        p1_0.notifications_push,
        p1_0.notifications_sms,
        p1_0.numero_ordre_national,
        p1_0.photo_url,
        p1_0.plan,
        p1_0.prenom,
        p1_0.prochain_paiement,
        p1_0.renouvellement_automatique,
        p1_0.sexe,
        p1_0.statut_abonnement,
        p1_0.telephone,
        p1_0.type,
        p1_0.universite_formation,
        p1_0.updated_at,
        p1_0.valide_par_ordre 
    from
        pharmaciens p1_0 
    where
        p1_0.id=?
2025-12-08 10:04:47 [http-nio-8080-exec-4] DEBUG org.hibernate.SQL - 
    select
        p1_0.id,
        p1_0.actif,
        p1_0.annee_diplome,
        p1_0.carte_ordre_url,
        p1_0.cin_url,
        p1_0.compte_verifie,
        p1_0.created_at,
        p1_0.date_debut_abonnement,
        p1_0.date_debut_essai,
        p1_0.date_dernier_paiement,
        p1_0.date_fin_abonnement,
        p1_0.date_fin_essai,
        p1_0.date_naissance,
        p1_0.date_verification_compte,
        p1_0.derniere_connexion,
        p1_0.diplome_url,
        p1_0.email,
        p1_0.essai_gratuit,
        p1_0.montant_mensuel,
        p1_0.mot_de_passe_hash,
        p1_0.nom,
        p1_0.nombre_employes_max,
        p1_0.nombre_pharmacies_actuelles,
        p1_0.nombre_pharmacies_max,
        p1_0.notifications_email,
        p1_0.notifications_push,
        p1_0.notifications_sms,
        p1_0.numero_ordre_national,
        p1_0.photo_url,
        p1_0.plan,
        p1_0.prenom,
        p1_0.prochain_paiement,
        p1_0.renouvellement_automatique,
        p1_0.sexe,
        p1_0.statut_abonnement,
        p1_0.telephone,
        p1_0.type,
        p1_0.universite_formation,
        p1_0.updated_at,
        p1_0.valide_par_ordre 
    from
        pharmaciens p1_0 
    where
        p1_0.id=?
2025-12-08 10:04:47 [http-nio-8080-exec-4] DEBUG org.hibernate.SQL - 
    select
        p1_0.id,
        p1_0.actif,
        p1_0.annee_diplome,
        p1_0.carte_ordre_url,
        p1_0.cin_url,
        p1_0.compte_verifie,
        p1_0.created_at,
        p1_0.date_debut_abonnement,
        p1_0.date_debut_essai,
        p1_0.date_dernier_paiement,
        p1_0.date_fin_abonnement,
        p1_0.date_fin_essai,
        p1_0.date_naissance,
        p1_0.date_verification_compte,
        p1_0.derniere_connexion,
        p1_0.diplome_url,
        p1_0.email,
        p1_0.essai_gratuit,
        p1_0.montant_mensuel,
        p1_0.mot_de_passe_hash,
        p1_0.nom,
        p1_0.nombre_employes_max,
        p1_0.nombre_pharmacies_actuelles,
        p1_0.nombre_pharmacies_max,
        p1_0.notifications_email,
        p1_0.notifications_push,
        p1_0.notifications_sms,
        p1_0.numero_ordre_national,
        p1_0.photo_url,
        p1_0.plan,
        p1_0.prenom,
        p1_0.prochain_paiement,
        p1_0.renouvellement_automatique,
        p1_0.sexe,
        p1_0.statut_abonnement,
        p1_0.telephone,
        p1_0.type,
        p1_0.universite_formation,
        p1_0.updated_at,
        p1_0.valide_par_ordre 
    from
        pharmaciens p1_0 
    where
        p1_0.id=?
2025-12-08 10:04:47 [http-nio-8080-exec-4] DEBUG org.hibernate.SQL - 
    select
        p1_0.id,
        p1_0.actif,
        p1_0.annee_diplome,
        p1_0.carte_ordre_url,
        p1_0.cin_url,
        p1_0.compte_verifie,
        p1_0.created_at,
        p1_0.date_debut_abonnement,
        p1_0.date_debut_essai,
        p1_0.date_dernier_paiement,
        p1_0.date_fin_abonnement,
        p1_0.date_fin_essai,
        p1_0.date_naissance,
        p1_0.date_verification_compte,
        p1_0.derniere_connexion,
        p1_0.diplome_url,
        p1_0.email,
        p1_0.essai_gratuit,
        p1_0.montant_mensuel,
        p1_0.mot_de_passe_hash,
        p1_0.nom,
        p1_0.nombre_employes_max,
        p1_0.nombre_pharmacies_actuelles,
        p1_0.nombre_pharmacies_max,
        p1_0.notifications_email,
        p1_0.notifications_push,
        p1_0.notifications_sms,
        p1_0.numero_ordre_national,
        p1_0.photo_url,
        p1_0.plan,
        p1_0.prenom,
        p1_0.prochain_paiement,
        p1_0.renouvellement_automatique,
        p1_0.sexe,
        p1_0.statut_abonnement,
        p1_0.telephone,
        p1_0.type,
        p1_0.universite_formation,
        p1_0.updated_at,
        p1_0.valide_par_ordre 
    from
        pharmaciens p1_0 
    where
        p1_0.id=?
2025-12-08 10:04:47 [http-nio-8080-exec-4] DEBUG org.hibernate.SQL - 
    select
        p1_0.id,
        p1_0.actif,
        p1_0.annee_diplome,
        p1_0.carte_ordre_url,
        p1_0.cin_url,
        p1_0.compte_verifie,
        p1_0.created_at,
        p1_0.date_debut_abonnement,
        p1_0.date_debut_essai,
        p1_0.date_dernier_paiement,
        p1_0.date_fin_abonnement,
        p1_0.date_fin_essai,
        p1_0.date_naissance,
        p1_0.date_verification_compte,
        p1_0.derniere_connexion,
        p1_0.diplome_url,
        p1_0.email,
        p1_0.essai_gratuit,
        p1_0.montant_mensuel,
        p1_0.mot_de_passe_hash,
        p1_0.nom,
        p1_0.nombre_employes_max,
        p1_0.nombre_pharmacies_actuelles,
        p1_0.nombre_pharmacies_max,
        p1_0.notifications_email,
        p1_0.notifications_push,
        p1_0.notifications_sms,
        p1_0.numero_ordre_national,
        p1_0.photo_url,
        p1_0.plan,
        p1_0.prenom,
        p1_0.prochain_paiement,
        p1_0.renouvellement_automatique,
        p1_0.sexe,
        p1_0.statut_abonnement,
        p1_0.telephone,
        p1_0.type,
        p1_0.universite_formation,
        p1_0.updated_at,
        p1_0.valide_par_ordre 
    from
        pharmaciens p1_0 
    where
        p1_0.id=?
2025-12-08 10:04:47 [http-nio-8080-exec-4] DEBUG org.hibernate.SQL - 
    select
        p1_0.id,
        p1_0.actif,
        p1_0.annee_diplome,
        p1_0.carte_ordre_url,
        p1_0.cin_url,
        p1_0.compte_verifie,
        p1_0.created_at,
        p1_0.date_debut_abonnement,
        p1_0.date_debut_essai,
        p1_0.date_dernier_paiement,
        p1_0.date_fin_abonnement,
        p1_0.date_fin_essai,
        p1_0.date_naissance,
        p1_0.date_verification_compte,
        p1_0.derniere_connexion,
        p1_0.diplome_url,
        p1_0.email,
        p1_0.essai_gratuit,
        p1_0.montant_mensuel,
        p1_0.mot_de_passe_hash,
        p1_0.nom,
        p1_0.nombre_employes_max,
        p1_0.nombre_pharmacies_actuelles,
        p1_0.nombre_pharmacies_max,
        p1_0.notifications_email,
        p1_0.notifications_push,
        p1_0.notifications_sms,
        p1_0.numero_ordre_national,
        p1_0.photo_url,
        p1_0.plan,
        p1_0.prenom,
        p1_0.prochain_paiement,
        p1_0.renouvellement_automatique,
        p1_0.sexe,
        p1_0.statut_abonnement,
        p1_0.telephone,
        p1_0.type,
        p1_0.universite_formation,
        p1_0.updated_at,
        p1_0.valide_par_ordre 
    from
        pharmaciens p1_0 
    where
        p1_0.id=?
2025-12-08 10:04:47 [http-nio-8080-exec-4] DEBUG org.hibernate.SQL - 
    select
        p1_0.id,
        p1_0.actif,
        p1_0.annee_diplome,
        p1_0.carte_ordre_url,
        p1_0.cin_url,
        p1_0.compte_verifie,
        p1_0.created_at,
        p1_0.date_debut_abonnement,
        p1_0.date_debut_essai,
        p1_0.date_dernier_paiement,
        p1_0.date_fin_abonnement,
        p1_0.date_fin_essai,
        p1_0.date_naissance,
        p1_0.date_verification_compte,
        p1_0.derniere_connexion,
        p1_0.diplome_url,
        p1_0.email,
        p1_0.essai_gratuit,
        p1_0.montant_mensuel,
        p1_0.mot_de_passe_hash,
        p1_0.nom,
        p1_0.nombre_employes_max,
        p1_0.nombre_pharmacies_actuelles,
        p1_0.nombre_pharmacies_max,
        p1_0.notifications_email,
        p1_0.notifications_push,
        p1_0.notifications_sms,
        p1_0.numero_ordre_national,
        p1_0.photo_url,
        p1_0.plan,
        p1_0.prenom,
        p1_0.prochain_paiement,
        p1_0.renouvellement_automatique,
        p1_0.sexe,
        p1_0.statut_abonnement,
        p1_0.telephone,
        p1_0.type,
        p1_0.universite_formation,
        p1_0.updated_at,
        p1_0.valide_par_ordre 
    from
        pharmaciens p1_0 
    where
        p1_0.id=?
2025-12-08 10:04:47 [http-nio-8080-exec-4] DEBUG o.s.w.s.m.m.a.HttpEntityMethodProcessor - Using 'application/json', given [application/json] and supported [application/json, application/*+json, application/yaml]
2025-12-08 10:04:47 [http-nio-8080-exec-4] DEBUG o.s.w.s.m.m.a.HttpEntityMethodProcessor - Writing [ApiResponse[success=true, message=Pharmacies, data=[{id=73c100fa-7a97-4c86-990b-d37474f3e6fd, code=P (truncated)...]
2025-12-08 10:04:47 [http-nio-8080-exec-4] DEBUG o.s.web.servlet.DispatcherServlet - Completed 200 OK
2025-12-08 10:05:01 [http-nio-8080-exec-6] DEBUG o.s.security.web.FilterChainProxy - Securing GET /api/v1/public/gardes/aujourd-hui?communeId=2640a39e-d4dd-4d57-a003-963dc0f6fa54
2025-12-08 10:05:01 [http-nio-8080-exec-6] DEBUG o.s.s.w.a.AnonymousAuthenticationFilter - Set SecurityContextHolder to anonymous SecurityContext
2025-12-08 10:05:01 [http-nio-8080-exec-6] DEBUG o.s.security.web.FilterChainProxy - Secured GET /api/v1/public/gardes/aujourd-hui?communeId=2640a39e-d4dd-4d57-a003-963dc0f6fa54
2025-12-08 10:05:01 [http-nio-8080-exec-6] DEBUG o.s.web.servlet.DispatcherServlet - GET "/api/v1/public/gardes/aujourd-hui?communeId=2640a39e-d4dd-4d57-a003-963dc0f6fa54", parameters={masked}
2025-12-08 10:05:01 [http-nio-8080-exec-6] DEBUG o.s.w.s.m.m.a.RequestMappingHandlerMapping - Mapped to sn.sunufarmasi.shared.controller.PublicApiController#getGardesAujourdHui(UUID, UUID, UUID)
2025-12-08 10:05:01 [http-nio-8080-exec-6] INFO  s.s.s.controller.PublicApiController - GET /api/v1/public/gardes/aujourd-hui - commune=2640a39e-d4dd-4d57-a003-963dc0f6fa54, dept=null, region=null
2025-12-08 10:05:01 [http-nio-8080-exec-6] DEBUG org.hibernate.SQL - 
    /* SELECT
        g 
    FROM
        Garde g 
    WHERE
        g.commune.id = :communeId 
        AND :date BETWEEN g.dateDebut AND g.dateFin 
        AND g.statut NOT IN ('ANNULEE') */ select
            g1_0.id,
            g1_0.commune_id,
            g1_0.confirme_par_pharmacie,
            g1_0.created_at,
            g1_0.cree_par_id,
            g1_0.cree_par_nom,
            g1_0.date_confirmation,
            g1_0.date_debut,
            g1_0.date_fin,
            g1_0.date_notification,
            g1_0.date_rappel,
            g1_0.departement_id,
            g1_0.est_remplacement,
            g1_0.garde_remplacee_id,
            g1_0.heure_debut,
            g1_0.heure_fin,
            g1_0.latitude,
            g1_0.longitude,
            g1_0.motif_annulation,
            g1_0.notes,
            g1_0.notification_envoyee,
            g1_0.numero_semaine,
            g1_0.pharmacie_id,
            g1_0.planning_id,
            g1_0.rappel_envoye,
            g1_0.statut,
            g1_0.type_garde,
            g1_0.updated_at,
            g1_0.zone_nom 
        from
            gardes g1_0 
        where
            g1_0.commune_id=? 
            and ? between g1_0.date_debut and g1_0.date_fin 
            and g1_0.statut not in ('ANNULEE')
2025-12-08 10:05:01 [http-nio-8080-exec-6] DEBUG o.s.w.s.m.m.a.HttpEntityMethodProcessor - Using 'application/json', given [application/json] and supported [application/json, application/*+json, application/yaml]
2025-12-08 10:05:01 [http-nio-8080-exec-6] DEBUG o.s.w.s.m.m.a.HttpEntityMethodProcessor - Writing [ApiResponse[success=true, message=Pharmacies de garde le 2025-12-08, data=[], error=null, metadata=n (truncated)...]
2025-12-08 10:05:01 [http-nio-8080-exec-6] DEBUG o.s.web.servlet.DispatcherServlet - Completed 200 OK
2025-12-08 10:05:01 [http-nio-8080-exec-3] DEBUG o.s.security.web.FilterChainProxy - Securing GET /api/v1/public/pharmacies?communeId=2640a39e-d4dd-4d57-a003-963dc0f6fa54
2025-12-08 10:05:01 [http-nio-8080-exec-3] DEBUG o.s.s.w.a.AnonymousAuthenticationFilter - Set SecurityContextHolder to anonymous SecurityContext
2025-12-08 10:05:01 [http-nio-8080-exec-3] DEBUG o.s.security.web.FilterChainProxy - Secured GET /api/v1/public/pharmacies?communeId=2640a39e-d4dd-4d57-a003-963dc0f6fa54
2025-12-08 10:05:01 [http-nio-8080-exec-3] DEBUG o.s.web.servlet.DispatcherServlet - GET "/api/v1/public/pharmacies?communeId=2640a39e-d4dd-4d57-a003-963dc0f6fa54", parameters={masked}
2025-12-08 10:05:01 [http-nio-8080-exec-3] DEBUG o.s.w.s.m.m.a.RequestMappingHandlerMapping - Mapped to sn.sunufarmasi.shared.controller.PublicApiController#getPharmacies(UUID, UUID, UUID, String)
2025-12-08 10:05:01 [http-nio-8080-exec-3] INFO  s.s.s.controller.PublicApiController - GET /api/v1/public/pharmacies - commune=2640a39e-d4dd-4d57-a003-963dc0f6fa54, dept=null, region=null, search=null
2025-12-08 10:05:01 [http-nio-8080-exec-3] DEBUG org.hibernate.SQL - 
    /* <criteria> */ select
        p1_0.id,
        p1_0.accepte_commandes,
        p1_0.adresse_complete,
        p1_0.agrement_ministere_url,
        p1_0.assurance_url,
        p1_0.code,
        p1_0.commune_id,
        p1_0.created_at,
        p1_0.date_ouverture,
        p1_0.date_validation,
        p1_0.email,
        p1_0.horaires,
        p1_0.latitude,
        p1_0.lien_google_maps,
        p1_0.logo_url,
        p1_0.longitude,
        p1_0.motif_rejet,
        p1_0.nom,
        p1_0.notifications_actives,
        p1_0.numero_agrement_ministere,
        p1_0.numero_ordre,
        p1_0.pharmacien_proprietaire_id,
        p1_0.photo_facade_url,
        p1_0.photos_interieures_urls,
        p1_0.propose_livraison,
        p1_0.quartier,
        p1_0.raison_sociale,
        p1_0.rayon_livraison_km,
        p1_0.registre_commerce_url,
        p1_0.site_web,
        p1_0.statut,
        p1_0.syndicat_id,
        p1_0.telephone,
        p1_0.telephone_secondaire,
        p1_0.updated_at,
        p1_0.valide_par_id,
        p1_0.valide_par_nom 
    from
        pharmacies p1_0 
    left join
        communes c1_0 
            on c1_0.id=p1_0.commune_id 
    where
        c1_0.id=? 
        and p1_0.statut=?
2025-12-08 10:05:01 [http-nio-8080-exec-3] INFO  s.s.s.controller.PublicApiController - Filtre par commune 2640a39e-d4dd-4d57-a003-963dc0f6fa54 → 11 pharmacies
2025-12-08 10:05:01 [http-nio-8080-exec-3] DEBUG org.hibernate.SQL - 
    select
        c1_0.id,
        c1_0.actif,
        c1_0.altitude,
        c1_0.arrondissement,
        c1_0.code,
        c1_0.code_postal,
        c1_0.created_at,
        c1_0.departement_id,
        c1_0.latitude,
        c1_0.longitude,
        c1_0.nom,
        c1_0.ordre,
        c1_0.population,
        c1_0.superficie,
        c1_0.type_commune,
        c1_0.updated_at,
        c1_0.zone_urbaine 
    from
        communes c1_0 
    where
        c1_0.id=?
2025-12-08 10:05:01 [http-nio-8080-exec-3] DEBUG org.hibernate.SQL - 
    select
        d1_0.id,
        d1_0.actif,
        d1_0.chef_lieu,
        d1_0.code,
        d1_0.created_at,
        d1_0.latitude,
        d1_0.longitude,
        d1_0.nom,
        d1_0.ordre,
        d1_0.population,
        d1_0.region_id,
        d1_0.superficie,
        d1_0.updated_at 
    from
        departements d1_0 
    where
        d1_0.id=?
2025-12-08 10:05:01 [http-nio-8080-exec-3] DEBUG org.hibernate.SQL - 
    select
        r1_0.id,
        r1_0.actif,
        r1_0.chef_lieu,
        r1_0.code,
        r1_0.created_at,
        r1_0.latitude,
        r1_0.longitude,
        r1_0.nom,
        r1_0.ordre,
        r1_0.pays_id,
        r1_0.population,
        r1_0.superficie,
        r1_0.updated_at 
    from
        regions r1_0 
    where
        r1_0.id=?
2025-12-08 10:05:01 [http-nio-8080-exec-3] DEBUG org.hibernate.SQL - 
    select
        p1_0.id,
        p1_0.actif,
        p1_0.annee_diplome,
        p1_0.carte_ordre_url,
        p1_0.cin_url,
        p1_0.compte_verifie,
        p1_0.created_at,
        p1_0.date_debut_abonnement,
        p1_0.date_debut_essai,
        p1_0.date_dernier_paiement,
        p1_0.date_fin_abonnement,
        p1_0.date_fin_essai,
        p1_0.date_naissance,
        p1_0.date_verification_compte,
        p1_0.derniere_connexion,
        p1_0.diplome_url,
        p1_0.email,
        p1_0.essai_gratuit,
        p1_0.montant_mensuel,
        p1_0.mot_de_passe_hash,
        p1_0.nom,
        p1_0.nombre_employes_max,
        p1_0.nombre_pharmacies_actuelles,
        p1_0.nombre_pharmacies_max,
        p1_0.notifications_email,
        p1_0.notifications_push,
        p1_0.notifications_sms,
        p1_0.numero_ordre_national,
        p1_0.photo_url,
        p1_0.plan,
        p1_0.prenom,
        p1_0.prochain_paiement,
        p1_0.renouvellement_automatique,
        p1_0.sexe,
        p1_0.statut_abonnement,
        p1_0.telephone,
        p1_0.type,
        p1_0.universite_formation,
        p1_0.updated_at,
        p1_0.valide_par_ordre 
    from
        pharmaciens p1_0 
    where
        p1_0.id=?
2025-12-08 10:05:01 [http-nio-8080-exec-3] DEBUG org.hibernate.SQL - 
    select
        p1_0.id,
        p1_0.actif,
        p1_0.annee_diplome,
        p1_0.carte_ordre_url,
        p1_0.cin_url,
        p1_0.compte_verifie,
        p1_0.created_at,
        p1_0.date_debut_abonnement,
        p1_0.date_debut_essai,
        p1_0.date_dernier_paiement,
        p1_0.date_fin_abonnement,
        p1_0.date_fin_essai,
        p1_0.date_naissance,
        p1_0.date_verification_compte,
        p1_0.derniere_connexion,
        p1_0.diplome_url,
        p1_0.email,
        p1_0.essai_gratuit,
        p1_0.montant_mensuel,
        p1_0.mot_de_passe_hash,
        p1_0.nom,
        p1_0.nombre_employes_max,
        p1_0.nombre_pharmacies_actuelles,
        p1_0.nombre_pharmacies_max,
        p1_0.notifications_email,
        p1_0.notifications_push,
        p1_0.notifications_sms,
        p1_0.numero_ordre_national,
        p1_0.photo_url,
        p1_0.plan,
        p1_0.prenom,
        p1_0.prochain_paiement,
        p1_0.renouvellement_automatique,
        p1_0.sexe,
        p1_0.statut_abonnement,
        p1_0.telephone,
        p1_0.type,
        p1_0.universite_formation,
        p1_0.updated_at,
        p1_0.valide_par_ordre 
    from
        pharmaciens p1_0 
    where
        p1_0.id=?
2025-12-08 10:05:01 [http-nio-8080-exec-3] DEBUG org.hibernate.SQL - 
    select
        p1_0.id,
        p1_0.actif,
        p1_0.annee_diplome,
        p1_0.carte_ordre_url,
        p1_0.cin_url,
        p1_0.compte_verifie,
        p1_0.created_at,
        p1_0.date_debut_abonnement,
        p1_0.date_debut_essai,
        p1_0.date_dernier_paiement,
        p1_0.date_fin_abonnement,
        p1_0.date_fin_essai,
        p1_0.date_naissance,
        p1_0.date_verification_compte,
        p1_0.derniere_connexion,
        p1_0.diplome_url,
        p1_0.email,
        p1_0.essai_gratuit,
        p1_0.montant_mensuel,
        p1_0.mot_de_passe_hash,
        p1_0.nom,
        p1_0.nombre_employes_max,
        p1_0.nombre_pharmacies_actuelles,
        p1_0.nombre_pharmacies_max,
        p1_0.notifications_email,
        p1_0.notifications_push,
        p1_0.notifications_sms,
        p1_0.numero_ordre_national,
        p1_0.photo_url,
        p1_0.plan,
        p1_0.prenom,
        p1_0.prochain_paiement,
        p1_0.renouvellement_automatique,
        p1_0.sexe,
        p1_0.statut_abonnement,
        p1_0.telephone,
        p1_0.type,
        p1_0.universite_formation,
        p1_0.updated_at,
        p1_0.valide_par_ordre 
    from
        pharmaciens p1_0 
    where
        p1_0.id=?
2025-12-08 10:05:01 [http-nio-8080-exec-3] DEBUG org.hibernate.SQL - 
    select
        p1_0.id,
        p1_0.actif,
        p1_0.annee_diplome,
        p1_0.carte_ordre_url,
        p1_0.cin_url,
        p1_0.compte_verifie,
        p1_0.created_at,
        p1_0.date_debut_abonnement,
        p1_0.date_debut_essai,
        p1_0.date_dernier_paiement,
        p1_0.date_fin_abonnement,
        p1_0.date_fin_essai,
        p1_0.date_naissance,
        p1_0.date_verification_compte,
        p1_0.derniere_connexion,
        p1_0.diplome_url,
        p1_0.email,
        p1_0.essai_gratuit,
        p1_0.montant_mensuel,
        p1_0.mot_de_passe_hash,
        p1_0.nom,
        p1_0.nombre_employes_max,
        p1_0.nombre_pharmacies_actuelles,
        p1_0.nombre_pharmacies_max,
        p1_0.notifications_email,
        p1_0.notifications_push,
        p1_0.notifications_sms,
        p1_0.numero_ordre_national,
        p1_0.photo_url,
        p1_0.plan,
        p1_0.prenom,
        p1_0.prochain_paiement,
        p1_0.renouvellement_automatique,
        p1_0.sexe,
        p1_0.statut_abonnement,
        p1_0.telephone,
        p1_0.type,
        p1_0.universite_formation,
        p1_0.updated_at,
        p1_0.valide_par_ordre 
    from
        pharmaciens p1_0 
    where
        p1_0.id=?
2025-12-08 10:05:01 [http-nio-8080-exec-3] DEBUG org.hibernate.SQL - 
    select
        p1_0.id,
        p1_0.actif,
        p1_0.annee_diplome,
        p1_0.carte_ordre_url,
        p1_0.cin_url,
        p1_0.compte_verifie,
        p1_0.created_at,
        p1_0.date_debut_abonnement,
        p1_0.date_debut_essai,
        p1_0.date_dernier_paiement,
        p1_0.date_fin_abonnement,
        p1_0.date_fin_essai,
        p1_0.date_naissance,
        p1_0.date_verification_compte,
        p1_0.derniere_connexion,
        p1_0.diplome_url,
        p1_0.email,
        p1_0.essai_gratuit,
        p1_0.montant_mensuel,
        p1_0.mot_de_passe_hash,
        p1_0.nom,
        p1_0.nombre_employes_max,
        p1_0.nombre_pharmacies_actuelles,
        p1_0.nombre_pharmacies_max,
        p1_0.notifications_email,
        p1_0.notifications_push,
        p1_0.notifications_sms,
        p1_0.numero_ordre_national,
        p1_0.photo_url,
        p1_0.plan,
        p1_0.prenom,
        p1_0.prochain_paiement,
        p1_0.renouvellement_automatique,
        p1_0.sexe,
        p1_0.statut_abonnement,
        p1_0.telephone,
        p1_0.type,
        p1_0.universite_formation,
        p1_0.updated_at,
        p1_0.valide_par_ordre 
    from
        pharmaciens p1_0 
    where
        p1_0.id=?
2025-12-08 10:05:01 [http-nio-8080-exec-3] DEBUG org.hibernate.SQL - 
    select
        p1_0.id,
        p1_0.actif,
        p1_0.annee_diplome,
        p1_0.carte_ordre_url,
        p1_0.cin_url,
        p1_0.compte_verifie,
        p1_0.created_at,
        p1_0.date_debut_abonnement,
        p1_0.date_debut_essai,
        p1_0.date_dernier_paiement,
        p1_0.date_fin_abonnement,
        p1_0.date_fin_essai,
        p1_0.date_naissance,
        p1_0.date_verification_compte,
        p1_0.derniere_connexion,
        p1_0.diplome_url,
        p1_0.email,
        p1_0.essai_gratuit,
        p1_0.montant_mensuel,
        p1_0.mot_de_passe_hash,
        p1_0.nom,
        p1_0.nombre_employes_max,
        p1_0.nombre_pharmacies_actuelles,
        p1_0.nombre_pharmacies_max,
        p1_0.notifications_email,
        p1_0.notifications_push,
        p1_0.notifications_sms,
        p1_0.numero_ordre_national,
        p1_0.photo_url,
        p1_0.plan,
        p1_0.prenom,
        p1_0.prochain_paiement,
        p1_0.renouvellement_automatique,
        p1_0.sexe,
        p1_0.statut_abonnement,
        p1_0.telephone,
        p1_0.type,
        p1_0.universite_formation,
        p1_0.updated_at,
        p1_0.valide_par_ordre 
    from
        pharmaciens p1_0 
    where
        p1_0.id=?
2025-12-08 10:05:01 [http-nio-8080-exec-3] DEBUG org.hibernate.SQL - 
    select
        p1_0.id,
        p1_0.actif,
        p1_0.annee_diplome,
        p1_0.carte_ordre_url,
        p1_0.cin_url,
        p1_0.compte_verifie,
        p1_0.created_at,
        p1_0.date_debut_abonnement,
        p1_0.date_debut_essai,
        p1_0.date_dernier_paiement,
        p1_0.date_fin_abonnement,
        p1_0.date_fin_essai,
        p1_0.date_naissance,
        p1_0.date_verification_compte,
        p1_0.derniere_connexion,
        p1_0.diplome_url,
        p1_0.email,
        p1_0.essai_gratuit,
        p1_0.montant_mensuel,
        p1_0.mot_de_passe_hash,
        p1_0.nom,
        p1_0.nombre_employes_max,
        p1_0.nombre_pharmacies_actuelles,
        p1_0.nombre_pharmacies_max,
        p1_0.notifications_email,
        p1_0.notifications_push,
        p1_0.notifications_sms,
        p1_0.numero_ordre_national,
        p1_0.photo_url,
        p1_0.plan,
        p1_0.prenom,
        p1_0.prochain_paiement,
        p1_0.renouvellement_automatique,
        p1_0.sexe,
        p1_0.statut_abonnement,
        p1_0.telephone,
        p1_0.type,
        p1_0.universite_formation,
        p1_0.updated_at,
        p1_0.valide_par_ordre 
    from
        pharmaciens p1_0 
    where
        p1_0.id=?
2025-12-08 10:05:01 [http-nio-8080-exec-3] DEBUG org.hibernate.SQL - 
    select
        p1_0.id,
        p1_0.actif,
        p1_0.annee_diplome,
        p1_0.carte_ordre_url,
        p1_0.cin_url,
        p1_0.compte_verifie,
        p1_0.created_at,
        p1_0.date_debut_abonnement,
        p1_0.date_debut_essai,
        p1_0.date_dernier_paiement,
        p1_0.date_fin_abonnement,
        p1_0.date_fin_essai,
        p1_0.date_naissance,
        p1_0.date_verification_compte,
        p1_0.derniere_connexion,
        p1_0.diplome_url,
        p1_0.email,
        p1_0.essai_gratuit,
        p1_0.montant_mensuel,
        p1_0.mot_de_passe_hash,
        p1_0.nom,
        p1_0.nombre_employes_max,
        p1_0.nombre_pharmacies_actuelles,
        p1_0.nombre_pharmacies_max,
        p1_0.notifications_email,
        p1_0.notifications_push,
        p1_0.notifications_sms,
        p1_0.numero_ordre_national,
        p1_0.photo_url,
        p1_0.plan,
        p1_0.prenom,
        p1_0.prochain_paiement,
        p1_0.renouvellement_automatique,
        p1_0.sexe,
        p1_0.statut_abonnement,
        p1_0.telephone,
        p1_0.type,
        p1_0.universite_formation,
        p1_0.updated_at,
        p1_0.valide_par_ordre 
    from
        pharmaciens p1_0 
    where
        p1_0.id=?
2025-12-08 10:05:01 [http-nio-8080-exec-3] DEBUG org.hibernate.SQL - 
    select
        p1_0.id,
        p1_0.actif,
        p1_0.annee_diplome,
        p1_0.carte_ordre_url,
        p1_0.cin_url,
        p1_0.compte_verifie,
        p1_0.created_at,
        p1_0.date_debut_abonnement,
        p1_0.date_debut_essai,
        p1_0.date_dernier_paiement,
        p1_0.date_fin_abonnement,
        p1_0.date_fin_essai,
        p1_0.date_naissance,
        p1_0.date_verification_compte,
        p1_0.derniere_connexion,
        p1_0.diplome_url,
        p1_0.email,
        p1_0.essai_gratuit,
        p1_0.montant_mensuel,
        p1_0.mot_de_passe_hash,
        p1_0.nom,
        p1_0.nombre_employes_max,
        p1_0.nombre_pharmacies_actuelles,
        p1_0.nombre_pharmacies_max,
        p1_0.notifications_email,
        p1_0.notifications_push,
        p1_0.notifications_sms,
        p1_0.numero_ordre_national,
        p1_0.photo_url,
        p1_0.plan,
        p1_0.prenom,
        p1_0.prochain_paiement,
        p1_0.renouvellement_automatique,
        p1_0.sexe,
        p1_0.statut_abonnement,
        p1_0.telephone,
        p1_0.type,
        p1_0.universite_formation,
        p1_0.updated_at,
        p1_0.valide_par_ordre 
    from
        pharmaciens p1_0 
    where
        p1_0.id=?
2025-12-08 10:05:01 [http-nio-8080-exec-3] DEBUG org.hibernate.SQL - 
    select
        p1_0.id,
        p1_0.actif,
        p1_0.annee_diplome,
        p1_0.carte_ordre_url,
        p1_0.cin_url,
        p1_0.compte_verifie,
        p1_0.created_at,
        p1_0.date_debut_abonnement,
        p1_0.date_debut_essai,
        p1_0.date_dernier_paiement,
        p1_0.date_fin_abonnement,
        p1_0.date_fin_essai,
        p1_0.date_naissance,
        p1_0.date_verification_compte,
        p1_0.derniere_connexion,
        p1_0.diplome_url,
        p1_0.email,
        p1_0.essai_gratuit,
        p1_0.montant_mensuel,
        p1_0.mot_de_passe_hash,
        p1_0.nom,
        p1_0.nombre_employes_max,
        p1_0.nombre_pharmacies_actuelles,
        p1_0.nombre_pharmacies_max,
        p1_0.notifications_email,
        p1_0.notifications_push,
        p1_0.notifications_sms,
        p1_0.numero_ordre_national,
        p1_0.photo_url,
        p1_0.plan,
        p1_0.prenom,
        p1_0.prochain_paiement,
        p1_0.renouvellement_automatique,
        p1_0.sexe,
        p1_0.statut_abonnement,
        p1_0.telephone,
        p1_0.type,
        p1_0.universite_formation,
        p1_0.updated_at,
        p1_0.valide_par_ordre 
    from
        pharmaciens p1_0 
    where
        p1_0.id=?
2025-12-08 10:05:01 [http-nio-8080-exec-3] DEBUG o.s.w.s.m.m.a.HttpEntityMethodProcessor - Using 'application/json', given [application/json] and supported [application/json, application/*+json, application/yaml]
2025-12-08 10:05:01 [http-nio-8080-exec-3] DEBUG o.s.w.s.m.m.a.HttpEntityMethodProcessor - Writing [ApiResponse[success=true, message=Pharmacies, data=[{id=c5f79150-75b0-4a2d-96cb-bb824ae922a3, code=P (truncated)...]
2025-12-08 10:05:01 [http-nio-8080-exec-3] DEBUG o.s.web.servlet.DispatcherServlet - Completed 200 OK
2025-12-08 10:05:12 [http-nio-8080-exec-10] DEBUG o.s.security.web.FilterChainProxy - Securing GET /api/v1/public/regions/d725ad32-0512-4d26-981f-30572d72e5fe/communes
2025-12-08 10:05:12 [http-nio-8080-exec-10] DEBUG o.s.s.w.a.AnonymousAuthenticationFilter - Set SecurityContextHolder to anonymous SecurityContext
2025-12-08 10:05:12 [http-nio-8080-exec-10] DEBUG o.s.security.web.FilterChainProxy - Secured GET /api/v1/public/regions/d725ad32-0512-4d26-981f-30572d72e5fe/communes
2025-12-08 10:05:12 [http-nio-8080-exec-10] DEBUG o.s.web.servlet.DispatcherServlet - GET "/api/v1/public/regions/d725ad32-0512-4d26-981f-30572d72e5fe/communes", parameters={}
2025-12-08 10:05:12 [http-nio-8080-exec-10] DEBUG o.s.w.s.m.m.a.RequestMappingHandlerMapping - Mapped to sn.sunufarmasi.localisation.controller.LocalisationController#getCommunesByRegion(UUID)
2025-12-08 10:05:12 [http-nio-8080-exec-10] DEBUG org.hibernate.SQL - 
    /* SELECT
        c 
    FROM
        Commune c 
    WHERE
        c.departement.region.id = :regionId 
    ORDER BY
        c.nom */ select
            c1_0.id,
            c1_0.actif,
            c1_0.altitude,
            c1_0.arrondissement,
            c1_0.code,
            c1_0.code_postal,
            c1_0.created_at,
            c1_0.departement_id,
            c1_0.latitude,
            c1_0.longitude,
            c1_0.nom,
            c1_0.ordre,
            c1_0.population,
            c1_0.superficie,
            c1_0.type_commune,
            c1_0.updated_at,
            c1_0.zone_urbaine 
        from
            communes c1_0 
        join
            departements d1_0 
                on d1_0.id=c1_0.departement_id 
        where
            d1_0.region_id=? 
        order by
            c1_0.nom
2025-12-08 10:05:12 [http-nio-8080-exec-10] DEBUG org.hibernate.SQL - 
    select
        d1_0.id,
        d1_0.actif,
        d1_0.chef_lieu,
        d1_0.code,
        d1_0.created_at,
        d1_0.latitude,
        d1_0.longitude,
        d1_0.nom,
        d1_0.ordre,
        d1_0.population,
        d1_0.region_id,
        d1_0.superficie,
        d1_0.updated_at 
    from
        departements d1_0 
    where
        d1_0.id=?
2025-12-08 10:05:12 [http-nio-8080-exec-10] DEBUG org.hibernate.SQL - 
    select
        r1_0.id,
        r1_0.actif,
        r1_0.chef_lieu,
        r1_0.code,
        r1_0.created_at,
        r1_0.latitude,
        r1_0.longitude,
        r1_0.nom,
        r1_0.ordre,
        r1_0.pays_id,
        r1_0.population,
        r1_0.superficie,
        r1_0.updated_at 
    from
        regions r1_0 
    where
        r1_0.id=?
2025-12-08 10:05:12 [http-nio-8080-exec-10] DEBUG org.hibernate.SQL - 
    select
        p1_0.id,
        p1_0.actif,
        p1_0.capitale,
        p1_0.code,
        p1_0.code_iso2,
        p1_0.code_iso3,
        p1_0.created_at,
        p1_0.devise,
        p1_0.drapeau,
        p1_0.fuseau_horaire,
        p1_0.indicatif_telephonique,
        p1_0.nom,
        p1_0.nom_en,
        p1_0.updated_at 
    from
        pays p1_0 
    where
        p1_0.id=?
2025-12-08 10:05:12 [http-nio-8080-exec-10] DEBUG org.hibernate.SQL - 
    select
        d1_0.id,
        d1_0.actif,
        d1_0.chef_lieu,
        d1_0.code,
        d1_0.created_at,
        d1_0.latitude,
        d1_0.longitude,
        d1_0.nom,
        d1_0.ordre,
        d1_0.population,
        d1_0.region_id,
        d1_0.superficie,
        d1_0.updated_at 
    from
        departements d1_0 
    where
        d1_0.id=?
2025-12-08 10:05:12 [http-nio-8080-exec-10] DEBUG org.hibernate.SQL - 
    select
        d1_0.id,
        d1_0.actif,
        d1_0.chef_lieu,
        d1_0.code,
        d1_0.created_at,
        d1_0.latitude,
        d1_0.longitude,
        d1_0.nom,
        d1_0.ordre,
        d1_0.population,
        d1_0.region_id,
        d1_0.superficie,
        d1_0.updated_at 
    from
        departements d1_0 
    where
        d1_0.id=?
2025-12-08 10:05:12 [http-nio-8080-exec-10] DEBUG o.s.w.s.m.m.a.HttpEntityMethodProcessor - Using 'application/json', given [application/json] and supported [application/json, application/*+json, application/yaml]
2025-12-08 10:05:12 [http-nio-8080-exec-10] DEBUG o.s.w.s.m.m.a.HttpEntityMethodProcessor - Writing [[CommuneResponse[id=d9dceb28-70da-43d0-b7c2-90884543da03, code=JOAL-FADIO, nom=Joal-Fadiouth, type=C (truncated)...]
2025-12-08 10:05:12 [http-nio-8080-exec-10] DEBUG o.s.web.servlet.DispatcherServlet - Completed 200 OK
2025-12-08 10:05:18 [http-nio-8080-exec-8] DEBUG o.s.security.web.FilterChainProxy - Securing GET /api/v1/public/gardes/aujourd-hui?communeId=f40acd41-3cd3-40ea-b944-e2e1ebd615c8
2025-12-08 10:05:18 [http-nio-8080-exec-8] DEBUG o.s.s.w.a.AnonymousAuthenticationFilter - Set SecurityContextHolder to anonymous SecurityContext
2025-12-08 10:05:18 [http-nio-8080-exec-8] DEBUG o.s.security.web.FilterChainProxy - Secured GET /api/v1/public/gardes/aujourd-hui?communeId=f40acd41-3cd3-40ea-b944-e2e1ebd615c8
2025-12-08 10:05:18 [http-nio-8080-exec-8] DEBUG o.s.web.servlet.DispatcherServlet - GET "/api/v1/public/gardes/aujourd-hui?communeId=f40acd41-3cd3-40ea-b944-e2e1ebd615c8", parameters={masked}
2025-12-08 10:05:18 [http-nio-8080-exec-8] DEBUG o.s.w.s.m.m.a.RequestMappingHandlerMapping - Mapped to sn.sunufarmasi.shared.controller.PublicApiController#getGardesAujourdHui(UUID, UUID, UUID)
2025-12-08 10:05:18 [http-nio-8080-exec-8] INFO  s.s.s.controller.PublicApiController - GET /api/v1/public/gardes/aujourd-hui - commune=f40acd41-3cd3-40ea-b944-e2e1ebd615c8, dept=null, region=null
2025-12-08 10:05:18 [http-nio-8080-exec-8] DEBUG org.hibernate.SQL - 
    /* SELECT
        g 
    FROM
        Garde g 
    WHERE
        g.commune.id = :communeId 
        AND :date BETWEEN g.dateDebut AND g.dateFin 
        AND g.statut NOT IN ('ANNULEE') */ select
            g1_0.id,
            g1_0.commune_id,
            g1_0.confirme_par_pharmacie,
            g1_0.created_at,
            g1_0.cree_par_id,
            g1_0.cree_par_nom,
            g1_0.date_confirmation,
            g1_0.date_debut,
            g1_0.date_fin,
            g1_0.date_notification,
            g1_0.date_rappel,
            g1_0.departement_id,
            g1_0.est_remplacement,
            g1_0.garde_remplacee_id,
            g1_0.heure_debut,
            g1_0.heure_fin,
            g1_0.latitude,
            g1_0.longitude,
            g1_0.motif_annulation,
            g1_0.notes,
            g1_0.notification_envoyee,
            g1_0.numero_semaine,
            g1_0.pharmacie_id,
            g1_0.planning_id,
            g1_0.rappel_envoye,
            g1_0.statut,
            g1_0.type_garde,
            g1_0.updated_at,
            g1_0.zone_nom 
        from
            gardes g1_0 
        where
            g1_0.commune_id=? 
            and ? between g1_0.date_debut and g1_0.date_fin 
            and g1_0.statut not in ('ANNULEE')
2025-12-08 10:05:18 [http-nio-8080-exec-8] DEBUG o.s.w.s.m.m.a.HttpEntityMethodProcessor - Using 'application/json', given [application/json] and supported [application/json, application/*+json, application/yaml]
2025-12-08 10:05:18 [http-nio-8080-exec-8] DEBUG o.s.w.s.m.m.a.HttpEntityMethodProcessor - Writing [ApiResponse[success=true, message=Pharmacies de garde le 2025-12-08, data=[], error=null, metadata=n (truncated)...]
2025-12-08 10:05:18 [http-nio-8080-exec-8] DEBUG o.s.web.servlet.DispatcherServlet - Completed 200 OK
2025-12-08 10:05:18 [http-nio-8080-exec-4] DEBUG o.s.security.web.FilterChainProxy - Securing GET /api/v1/public/pharmacies?communeId=f40acd41-3cd3-40ea-b944-e2e1ebd615c8
2025-12-08 10:05:18 [http-nio-8080-exec-4] DEBUG o.s.s.w.a.AnonymousAuthenticationFilter - Set SecurityContextHolder to anonymous SecurityContext
2025-12-08 10:05:18 [http-nio-8080-exec-4] DEBUG o.s.security.web.FilterChainProxy - Secured GET /api/v1/public/pharmacies?communeId=f40acd41-3cd3-40ea-b944-e2e1ebd615c8
2025-12-08 10:05:18 [http-nio-8080-exec-4] DEBUG o.s.web.servlet.DispatcherServlet - GET "/api/v1/public/pharmacies?communeId=f40acd41-3cd3-40ea-b944-e2e1ebd615c8", parameters={masked}
2025-12-08 10:05:18 [http-nio-8080-exec-4] DEBUG o.s.w.s.m.m.a.RequestMappingHandlerMapping - Mapped to sn.sunufarmasi.shared.controller.PublicApiController#getPharmacies(UUID, UUID, UUID, String)
2025-12-08 10:05:18 [http-nio-8080-exec-4] INFO  s.s.s.controller.PublicApiController - GET /api/v1/public/pharmacies - commune=f40acd41-3cd3-40ea-b944-e2e1ebd615c8, dept=null, region=null, search=null
2025-12-08 10:05:18 [http-nio-8080-exec-4] DEBUG org.hibernate.SQL - 
    /* <criteria> */ select
        p1_0.id,
        p1_0.accepte_commandes,
        p1_0.adresse_complete,
        p1_0.agrement_ministere_url,
        p1_0.assurance_url,
        p1_0.code,
        p1_0.commune_id,
        p1_0.created_at,
        p1_0.date_ouverture,
        p1_0.date_validation,
        p1_0.email,
        p1_0.horaires,
        p1_0.latitude,
        p1_0.lien_google_maps,
        p1_0.logo_url,
        p1_0.longitude,
        p1_0.motif_rejet,
        p1_0.nom,
        p1_0.notifications_actives,
        p1_0.numero_agrement_ministere,
        p1_0.numero_ordre,
        p1_0.pharmacien_proprietaire_id,
        p1_0.photo_facade_url,
        p1_0.photos_interieures_urls,
        p1_0.propose_livraison,
        p1_0.quartier,
        p1_0.raison_sociale,
        p1_0.rayon_livraison_km,
        p1_0.registre_commerce_url,
        p1_0.site_web,
        p1_0.statut,
        p1_0.syndicat_id,
        p1_0.telephone,
        p1_0.telephone_secondaire,
        p1_0.updated_at,
        p1_0.valide_par_id,
        p1_0.valide_par_nom 
    from
        pharmacies p1_0 
    left join
        communes c1_0 
            on c1_0.id=p1_0.commune_id 
    where
        c1_0.id=? 
        and p1_0.statut=?
2025-12-08 10:05:18 [http-nio-8080-exec-4] INFO  s.s.s.controller.PublicApiController - Filtre par commune f40acd41-3cd3-40ea-b944-e2e1ebd615c8 → 0 pharmacies
2025-12-08 10:05:18 [http-nio-8080-exec-4] DEBUG o.s.w.s.m.m.a.HttpEntityMethodProcessor - Using 'application/json', given [application/json] and supported [application/json, application/*+json, application/yaml]
2025-12-08 10:05:18 [http-nio-8080-exec-4] DEBUG o.s.w.s.m.m.a.HttpEntityMethodProcessor - Writing [ApiResponse[success=true, message=Pharmacies, data=[], error=null, metadata=null]]
2025-12-08 10:05:18 [http-nio-8080-exec-4] DEBUG o.s.web.servlet.DispatcherServlet - Completed 200 OK
2025-12-08 10:05:53 [http-nio-8080-exec-6] DEBUG o.s.security.web.FilterChainProxy - Securing GET /api/v1/public/gardes/aujourd-hui?communeId=2640a39e-d4dd-4d57-a003-963dc0f6fa54
2025-12-08 10:05:53 [http-nio-8080-exec-6] DEBUG o.s.s.w.a.AnonymousAuthenticationFilter - Set SecurityContextHolder to anonymous SecurityContext
2025-12-08 10:05:53 [http-nio-8080-exec-6] DEBUG o.s.security.web.FilterChainProxy - Secured GET /api/v1/public/gardes/aujourd-hui?communeId=2640a39e-d4dd-4d57-a003-963dc0f6fa54
2025-12-08 10:05:53 [http-nio-8080-exec-6] DEBUG o.s.web.servlet.DispatcherServlet - GET "/api/v1/public/gardes/aujourd-hui?communeId=2640a39e-d4dd-4d57-a003-963dc0f6fa54", parameters={masked}
2025-12-08 10:05:53 [http-nio-8080-exec-6] DEBUG o.s.w.s.m.m.a.RequestMappingHandlerMapping - Mapped to sn.sunufarmasi.shared.controller.PublicApiController#getGardesAujourdHui(UUID, UUID, UUID)
2025-12-08 10:05:53 [http-nio-8080-exec-6] INFO  s.s.s.controller.PublicApiController - GET /api/v1/public/gardes/aujourd-hui - commune=2640a39e-d4dd-4d57-a003-963dc0f6fa54, dept=null, region=null
2025-12-08 10:05:53 [http-nio-8080-exec-6] DEBUG org.hibernate.SQL - 
    /* SELECT
        g 
    FROM
        Garde g 
    WHERE
        g.commune.id = :communeId 
        AND :date BETWEEN g.dateDebut AND g.dateFin 
        AND g.statut NOT IN ('ANNULEE') */ select
            g1_0.id,
            g1_0.commune_id,
            g1_0.confirme_par_pharmacie,
            g1_0.created_at,
            g1_0.cree_par_id,
            g1_0.cree_par_nom,
            g1_0.date_confirmation,
            g1_0.date_debut,
            g1_0.date_fin,
            g1_0.date_notification,
            g1_0.date_rappel,
            g1_0.departement_id,
            g1_0.est_remplacement,
            g1_0.garde_remplacee_id,
            g1_0.heure_debut,
            g1_0.heure_fin,
            g1_0.latitude,
            g1_0.longitude,
            g1_0.motif_annulation,
            g1_0.notes,
            g1_0.notification_envoyee,
            g1_0.numero_semaine,
            g1_0.pharmacie_id,
            g1_0.planning_id,
            g1_0.rappel_envoye,
            g1_0.statut,
            g1_0.type_garde,
            g1_0.updated_at,
            g1_0.zone_nom 
        from
            gardes g1_0 
        where
            g1_0.commune_id=? 
            and ? between g1_0.date_debut and g1_0.date_fin 
            and g1_0.statut not in ('ANNULEE')
2025-12-08 10:05:53 [http-nio-8080-exec-6] DEBUG o.s.w.s.m.m.a.HttpEntityMethodProcessor - Using 'application/json', given [application/json] and supported [application/json, application/*+json, application/yaml]
2025-12-08 10:05:53 [http-nio-8080-exec-6] DEBUG o.s.w.s.m.m.a.HttpEntityMethodProcessor - Writing [ApiResponse[success=true, message=Pharmacies de garde le 2025-12-08, data=[], error=null, metadata=n (truncated)...]
2025-12-08 10:05:53 [http-nio-8080-exec-6] DEBUG o.s.web.servlet.DispatcherServlet - Completed 200 OK
2025-12-08 10:05:53 [http-nio-8080-exec-3] DEBUG o.s.security.web.FilterChainProxy - Securing GET /api/v1/public/pharmacies?communeId=2640a39e-d4dd-4d57-a003-963dc0f6fa54
2025-12-08 10:05:53 [http-nio-8080-exec-3] DEBUG o.s.s.w.a.AnonymousAuthenticationFilter - Set SecurityContextHolder to anonymous SecurityContext
2025-12-08 10:05:53 [http-nio-8080-exec-3] DEBUG o.s.security.web.FilterChainProxy - Secured GET /api/v1/public/pharmacies?communeId=2640a39e-d4dd-4d57-a003-963dc0f6fa54
2025-12-08 10:05:53 [http-nio-8080-exec-3] DEBUG o.s.web.servlet.DispatcherServlet - GET "/api/v1/public/pharmacies?communeId=2640a39e-d4dd-4d57-a003-963dc0f6fa54", parameters={masked}
2025-12-08 10:05:53 [http-nio-8080-exec-3] DEBUG o.s.w.s.m.m.a.RequestMappingHandlerMapping - Mapped to sn.sunufarmasi.shared.controller.PublicApiController#getPharmacies(UUID, UUID, UUID, String)
2025-12-08 10:05:53 [http-nio-8080-exec-3] INFO  s.s.s.controller.PublicApiController - GET /api/v1/public/pharmacies - commune=2640a39e-d4dd-4d57-a003-963dc0f6fa54, dept=null, region=null, search=null
2025-12-08 10:05:53 [http-nio-8080-exec-3] DEBUG org.hibernate.SQL - 
    /* <criteria> */ select
        p1_0.id,
        p1_0.accepte_commandes,
        p1_0.adresse_complete,
        p1_0.agrement_ministere_url,
        p1_0.assurance_url,
        p1_0.code,
        p1_0.commune_id,
        p1_0.created_at,
        p1_0.date_ouverture,
        p1_0.date_validation,
        p1_0.email,
        p1_0.horaires,
        p1_0.latitude,
        p1_0.lien_google_maps,
        p1_0.logo_url,
        p1_0.longitude,
        p1_0.motif_rejet,
        p1_0.nom,
        p1_0.notifications_actives,
        p1_0.numero_agrement_ministere,
        p1_0.numero_ordre,
        p1_0.pharmacien_proprietaire_id,
        p1_0.photo_facade_url,
        p1_0.photos_interieures_urls,
        p1_0.propose_livraison,
        p1_0.quartier,
        p1_0.raison_sociale,
        p1_0.rayon_livraison_km,
        p1_0.registre_commerce_url,
        p1_0.site_web,
        p1_0.statut,
        p1_0.syndicat_id,
        p1_0.telephone,
        p1_0.telephone_secondaire,
        p1_0.updated_at,
        p1_0.valide_par_id,
        p1_0.valide_par_nom 
    from
        pharmacies p1_0 
    left join
        communes c1_0 
            on c1_0.id=p1_0.commune_id 
    where
        c1_0.id=? 
        and p1_0.statut=?
2025-12-08 10:05:53 [http-nio-8080-exec-3] INFO  s.s.s.controller.PublicApiController - Filtre par commune 2640a39e-d4dd-4d57-a003-963dc0f6fa54 → 11 pharmacies
2025-12-08 10:05:53 [http-nio-8080-exec-3] DEBUG org.hibernate.SQL - 
    select
        c1_0.id,
        c1_0.actif,
        c1_0.altitude,
        c1_0.arrondissement,
        c1_0.code,
        c1_0.code_postal,
        c1_0.created_at,
        c1_0.departement_id,
        c1_0.latitude,
        c1_0.longitude,
        c1_0.nom,
        c1_0.ordre,
        c1_0.population,
        c1_0.superficie,
        c1_0.type_commune,
        c1_0.updated_at,
        c1_0.zone_urbaine 
    from
        communes c1_0 
    where
        c1_0.id=?
2025-12-08 10:05:53 [http-nio-8080-exec-3] DEBUG org.hibernate.SQL - 
    select
        d1_0.id,
        d1_0.actif,
        d1_0.chef_lieu,
        d1_0.code,
        d1_0.created_at,
        d1_0.latitude,
        d1_0.longitude,
        d1_0.nom,
        d1_0.ordre,
        d1_0.population,
        d1_0.region_id,
        d1_0.superficie,
        d1_0.updated_at 
    from
        departements d1_0 
    where
        d1_0.id=?
2025-12-08 10:05:53 [http-nio-8080-exec-3] DEBUG org.hibernate.SQL - 
    select
        r1_0.id,
        r1_0.actif,
        r1_0.chef_lieu,
        r1_0.code,
        r1_0.created_at,
        r1_0.latitude,
        r1_0.longitude,
        r1_0.nom,
        r1_0.ordre,
        r1_0.pays_id,
        r1_0.population,
        r1_0.superficie,
        r1_0.updated_at 
    from
        regions r1_0 
    where
        r1_0.id=?
2025-12-08 10:05:53 [http-nio-8080-exec-3] DEBUG org.hibernate.SQL - 
    select
        p1_0.id,
        p1_0.actif,
        p1_0.annee_diplome,
        p1_0.carte_ordre_url,
        p1_0.cin_url,
        p1_0.compte_verifie,
        p1_0.created_at,
        p1_0.date_debut_abonnement,
        p1_0.date_debut_essai,
        p1_0.date_dernier_paiement,
        p1_0.date_fin_abonnement,
        p1_0.date_fin_essai,
        p1_0.date_naissance,
        p1_0.date_verification_compte,
        p1_0.derniere_connexion,
        p1_0.diplome_url,
        p1_0.email,
        p1_0.essai_gratuit,
        p1_0.montant_mensuel,
        p1_0.mot_de_passe_hash,
        p1_0.nom,
        p1_0.nombre_employes_max,
        p1_0.nombre_pharmacies_actuelles,
        p1_0.nombre_pharmacies_max,
        p1_0.notifications_email,
        p1_0.notifications_push,
        p1_0.notifications_sms,
        p1_0.numero_ordre_national,
        p1_0.photo_url,
        p1_0.plan,
        p1_0.prenom,
        p1_0.prochain_paiement,
        p1_0.renouvellement_automatique,
        p1_0.sexe,
        p1_0.statut_abonnement,
        p1_0.telephone,
        p1_0.type,
        p1_0.universite_formation,
        p1_0.updated_at,
        p1_0.valide_par_ordre 
    from
        pharmaciens p1_0 
    where
        p1_0.id=?
2025-12-08 10:05:53 [http-nio-8080-exec-3] DEBUG org.hibernate.SQL - 
    select
        p1_0.id,
        p1_0.actif,
        p1_0.annee_diplome,
        p1_0.carte_ordre_url,
        p1_0.cin_url,
        p1_0.compte_verifie,
        p1_0.created_at,
        p1_0.date_debut_abonnement,
        p1_0.date_debut_essai,
        p1_0.date_dernier_paiement,
        p1_0.date_fin_abonnement,
        p1_0.date_fin_essai,
        p1_0.date_naissance,
        p1_0.date_verification_compte,
        p1_0.derniere_connexion,
        p1_0.diplome_url,
        p1_0.email,
        p1_0.essai_gratuit,
        p1_0.montant_mensuel,
        p1_0.mot_de_passe_hash,
        p1_0.nom,
        p1_0.nombre_employes_max,
        p1_0.nombre_pharmacies_actuelles,
        p1_0.nombre_pharmacies_max,
        p1_0.notifications_email,
        p1_0.notifications_push,
        p1_0.notifications_sms,
        p1_0.numero_ordre_national,
        p1_0.photo_url,
        p1_0.plan,
        p1_0.prenom,
        p1_0.prochain_paiement,
        p1_0.renouvellement_automatique,
        p1_0.sexe,
        p1_0.statut_abonnement,
        p1_0.telephone,
        p1_0.type,
        p1_0.universite_formation,
        p1_0.updated_at,
        p1_0.valide_par_ordre 
    from
        pharmaciens p1_0 
    where
        p1_0.id=?
2025-12-08 10:05:53 [http-nio-8080-exec-3] DEBUG org.hibernate.SQL - 
    select
        p1_0.id,
        p1_0.actif,
        p1_0.annee_diplome,
        p1_0.carte_ordre_url,
        p1_0.cin_url,
        p1_0.compte_verifie,
        p1_0.created_at,
        p1_0.date_debut_abonnement,
        p1_0.date_debut_essai,
        p1_0.date_dernier_paiement,
        p1_0.date_fin_abonnement,
        p1_0.date_fin_essai,
        p1_0.date_naissance,
        p1_0.date_verification_compte,
        p1_0.derniere_connexion,
        p1_0.diplome_url,
        p1_0.email,
        p1_0.essai_gratuit,
        p1_0.montant_mensuel,
        p1_0.mot_de_passe_hash,
        p1_0.nom,
        p1_0.nombre_employes_max,
        p1_0.nombre_pharmacies_actuelles,
        p1_0.nombre_pharmacies_max,
        p1_0.notifications_email,
        p1_0.notifications_push,
        p1_0.notifications_sms,
        p1_0.numero_ordre_national,
        p1_0.photo_url,
        p1_0.plan,
        p1_0.prenom,
        p1_0.prochain_paiement,
        p1_0.renouvellement_automatique,
        p1_0.sexe,
        p1_0.statut_abonnement,
        p1_0.telephone,
        p1_0.type,
        p1_0.universite_formation,
        p1_0.updated_at,
        p1_0.valide_par_ordre 
    from
        pharmaciens p1_0 
    where
        p1_0.id=?
2025-12-08 10:05:53 [http-nio-8080-exec-3] DEBUG org.hibernate.SQL - 
    select
        p1_0.id,
        p1_0.actif,
        p1_0.annee_diplome,
        p1_0.carte_ordre_url,
        p1_0.cin_url,
        p1_0.compte_verifie,
        p1_0.created_at,
        p1_0.date_debut_abonnement,
        p1_0.date_debut_essai,
        p1_0.date_dernier_paiement,
        p1_0.date_fin_abonnement,
        p1_0.date_fin_essai,
        p1_0.date_naissance,
        p1_0.date_verification_compte,
        p1_0.derniere_connexion,
        p1_0.diplome_url,
        p1_0.email,
        p1_0.essai_gratuit,
        p1_0.montant_mensuel,
        p1_0.mot_de_passe_hash,
        p1_0.nom,
        p1_0.nombre_employes_max,
        p1_0.nombre_pharmacies_actuelles,
        p1_0.nombre_pharmacies_max,
        p1_0.notifications_email,
        p1_0.notifications_push,
        p1_0.notifications_sms,
        p1_0.numero_ordre_national,
        p1_0.photo_url,
        p1_0.plan,
        p1_0.prenom,
        p1_0.prochain_paiement,
        p1_0.renouvellement_automatique,
        p1_0.sexe,
        p1_0.statut_abonnement,
        p1_0.telephone,
        p1_0.type,
        p1_0.universite_formation,
        p1_0.updated_at,
        p1_0.valide_par_ordre 
    from
        pharmaciens p1_0 
    where
        p1_0.id=?
2025-12-08 10:05:53 [http-nio-8080-exec-3] DEBUG org.hibernate.SQL - 
    select
        p1_0.id,
        p1_0.actif,
        p1_0.annee_diplome,
        p1_0.carte_ordre_url,
        p1_0.cin_url,
        p1_0.compte_verifie,
        p1_0.created_at,
        p1_0.date_debut_abonnement,
        p1_0.date_debut_essai,
        p1_0.date_dernier_paiement,
        p1_0.date_fin_abonnement,
        p1_0.date_fin_essai,
        p1_0.date_naissance,
        p1_0.date_verification_compte,
        p1_0.derniere_connexion,
        p1_0.diplome_url,
        p1_0.email,
        p1_0.essai_gratuit,
        p1_0.montant_mensuel,
        p1_0.mot_de_passe_hash,
        p1_0.nom,
        p1_0.nombre_employes_max,
        p1_0.nombre_pharmacies_actuelles,
        p1_0.nombre_pharmacies_max,
        p1_0.notifications_email,
        p1_0.notifications_push,
        p1_0.notifications_sms,
        p1_0.numero_ordre_national,
        p1_0.photo_url,
        p1_0.plan,
        p1_0.prenom,
        p1_0.prochain_paiement,
        p1_0.renouvellement_automatique,
        p1_0.sexe,
        p1_0.statut_abonnement,
        p1_0.telephone,
        p1_0.type,
        p1_0.universite_formation,
        p1_0.updated_at,
        p1_0.valide_par_ordre 
    from
        pharmaciens p1_0 
    where
        p1_0.id=?
2025-12-08 10:05:53 [http-nio-8080-exec-3] DEBUG org.hibernate.SQL - 
    select
        p1_0.id,
        p1_0.actif,
        p1_0.annee_diplome,
        p1_0.carte_ordre_url,
        p1_0.cin_url,
        p1_0.compte_verifie,
        p1_0.created_at,
        p1_0.date_debut_abonnement,
        p1_0.date_debut_essai,
        p1_0.date_dernier_paiement,
        p1_0.date_fin_abonnement,
        p1_0.date_fin_essai,
        p1_0.date_naissance,
        p1_0.date_verification_compte,
        p1_0.derniere_connexion,
        p1_0.diplome_url,
        p1_0.email,
        p1_0.essai_gratuit,
        p1_0.montant_mensuel,
        p1_0.mot_de_passe_hash,
        p1_0.nom,
        p1_0.nombre_employes_max,
        p1_0.nombre_pharmacies_actuelles,
        p1_0.nombre_pharmacies_max,
        p1_0.notifications_email,
        p1_0.notifications_push,
        p1_0.notifications_sms,
        p1_0.numero_ordre_national,
        p1_0.photo_url,
        p1_0.plan,
        p1_0.prenom,
        p1_0.prochain_paiement,
        p1_0.renouvellement_automatique,
        p1_0.sexe,
        p1_0.statut_abonnement,
        p1_0.telephone,
        p1_0.type,
        p1_0.universite_formation,
        p1_0.updated_at,
        p1_0.valide_par_ordre 
    from
        pharmaciens p1_0 
    where
        p1_0.id=?
2025-12-08 10:05:53 [http-nio-8080-exec-3] DEBUG org.hibernate.SQL - 
    select
        p1_0.id,
        p1_0.actif,
        p1_0.annee_diplome,
        p1_0.carte_ordre_url,
        p1_0.cin_url,
        p1_0.compte_verifie,
        p1_0.created_at,
        p1_0.date_debut_abonnement,
        p1_0.date_debut_essai,
        p1_0.date_dernier_paiement,
        p1_0.date_fin_abonnement,
        p1_0.date_fin_essai,
        p1_0.date_naissance,
        p1_0.date_verification_compte,
        p1_0.derniere_connexion,
        p1_0.diplome_url,
        p1_0.email,
        p1_0.essai_gratuit,
        p1_0.montant_mensuel,
        p1_0.mot_de_passe_hash,
        p1_0.nom,
        p1_0.nombre_employes_max,
        p1_0.nombre_pharmacies_actuelles,
        p1_0.nombre_pharmacies_max,
        p1_0.notifications_email,
        p1_0.notifications_push,
        p1_0.notifications_sms,
        p1_0.numero_ordre_national,
        p1_0.photo_url,
        p1_0.plan,
        p1_0.prenom,
        p1_0.prochain_paiement,
        p1_0.renouvellement_automatique,
        p1_0.sexe,
        p1_0.statut_abonnement,
        p1_0.telephone,
        p1_0.type,
        p1_0.universite_formation,
        p1_0.updated_at,
        p1_0.valide_par_ordre 
    from
        pharmaciens p1_0 
    where
        p1_0.id=?
2025-12-08 10:05:53 [http-nio-8080-exec-3] DEBUG org.hibernate.SQL - 
    select
        p1_0.id,
        p1_0.actif,
        p1_0.annee_diplome,
        p1_0.carte_ordre_url,
        p1_0.cin_url,
        p1_0.compte_verifie,
        p1_0.created_at,
        p1_0.date_debut_abonnement,
        p1_0.date_debut_essai,
        p1_0.date_dernier_paiement,
        p1_0.date_fin_abonnement,
        p1_0.date_fin_essai,
        p1_0.date_naissance,
        p1_0.date_verification_compte,
        p1_0.derniere_connexion,
        p1_0.diplome_url,
        p1_0.email,
        p1_0.essai_gratuit,
        p1_0.montant_mensuel,
        p1_0.mot_de_passe_hash,
        p1_0.nom,
        p1_0.nombre_employes_max,
        p1_0.nombre_pharmacies_actuelles,
        p1_0.nombre_pharmacies_max,
        p1_0.notifications_email,
        p1_0.notifications_push,
        p1_0.notifications_sms,
        p1_0.numero_ordre_national,
        p1_0.photo_url,
        p1_0.plan,
        p1_0.prenom,
        p1_0.prochain_paiement,
        p1_0.renouvellement_automatique,
        p1_0.sexe,
        p1_0.statut_abonnement,
        p1_0.telephone,
        p1_0.type,
        p1_0.universite_formation,
        p1_0.updated_at,
        p1_0.valide_par_ordre 
    from
        pharmaciens p1_0 
    where
        p1_0.id=?
2025-12-08 10:05:53 [http-nio-8080-exec-3] DEBUG org.hibernate.SQL - 
    select
        p1_0.id,
        p1_0.actif,
        p1_0.annee_diplome,
        p1_0.carte_ordre_url,
        p1_0.cin_url,
        p1_0.compte_verifie,
        p1_0.created_at,
        p1_0.date_debut_abonnement,
        p1_0.date_debut_essai,
        p1_0.date_dernier_paiement,
        p1_0.date_fin_abonnement,
        p1_0.date_fin_essai,
        p1_0.date_naissance,
        p1_0.date_verification_compte,
        p1_0.derniere_connexion,
        p1_0.diplome_url,
        p1_0.email,
        p1_0.essai_gratuit,
        p1_0.montant_mensuel,
        p1_0.mot_de_passe_hash,
        p1_0.nom,
        p1_0.nombre_employes_max,
        p1_0.nombre_pharmacies_actuelles,
        p1_0.nombre_pharmacies_max,
        p1_0.notifications_email,
        p1_0.notifications_push,
        p1_0.notifications_sms,
        p1_0.numero_ordre_national,
        p1_0.photo_url,
        p1_0.plan,
        p1_0.prenom,
        p1_0.prochain_paiement,
        p1_0.renouvellement_automatique,
        p1_0.sexe,
        p1_0.statut_abonnement,
        p1_0.telephone,
        p1_0.type,
        p1_0.universite_formation,
        p1_0.updated_at,
        p1_0.valide_par_ordre 
    from
        pharmaciens p1_0 
    where
        p1_0.id=?
2025-12-08 10:05:53 [http-nio-8080-exec-3] DEBUG org.hibernate.SQL - 
    select
        p1_0.id,
        p1_0.actif,
        p1_0.annee_diplome,
        p1_0.carte_ordre_url,
        p1_0.cin_url,
        p1_0.compte_verifie,
        p1_0.created_at,
        p1_0.date_debut_abonnement,
        p1_0.date_debut_essai,
        p1_0.date_dernier_paiement,
        p1_0.date_fin_abonnement,
        p1_0.date_fin_essai,
        p1_0.date_naissance,
        p1_0.date_verification_compte,
        p1_0.derniere_connexion,
        p1_0.diplome_url,
        p1_0.email,
        p1_0.essai_gratuit,
        p1_0.montant_mensuel,
        p1_0.mot_de_passe_hash,
        p1_0.nom,
        p1_0.nombre_employes_max,
        p1_0.nombre_pharmacies_actuelles,
        p1_0.nombre_pharmacies_max,
        p1_0.notifications_email,
        p1_0.notifications_push,
        p1_0.notifications_sms,
        p1_0.numero_ordre_national,
        p1_0.photo_url,
        p1_0.plan,
        p1_0.prenom,
        p1_0.prochain_paiement,
        p1_0.renouvellement_automatique,
        p1_0.sexe,
        p1_0.statut_abonnement,
        p1_0.telephone,
        p1_0.type,
        p1_0.universite_formation,
        p1_0.updated_at,
        p1_0.valide_par_ordre 
    from
        pharmaciens p1_0 
    where
        p1_0.id=?
2025-12-08 10:05:53 [http-nio-8080-exec-3] DEBUG o.s.w.s.m.m.a.HttpEntityMethodProcessor - Using 'application/json', given [application/json] and supported [application/json, application/*+json, application/yaml]
2025-12-08 10:05:53 [http-nio-8080-exec-3] DEBUG o.s.w.s.m.m.a.HttpEntityMethodProcessor - Writing [ApiResponse[success=true, message=Pharmacies, data=[{id=c5f79150-75b0-4a2d-96cb-bb824ae922a3, code=P (truncated)...]
2025-12-08 10:05:53 [http-nio-8080-exec-3] DEBUG o.s.web.servlet.DispatcherServlet - Completed 200 OK
2025-12-08 10:08:12 [http-nio-8080-exec-10] DEBUG o.s.security.web.FilterChainProxy - Securing GET /api/v1/public/gardes/aujourd-hui?communeId=2640a39e-d4dd-4d57-a003-963dc0f6fa54
2025-12-08 10:08:12 [http-nio-8080-exec-10] DEBUG o.s.s.w.a.AnonymousAuthenticationFilter - Set SecurityContextHolder to anonymous SecurityContext
2025-12-08 10:08:12 [http-nio-8080-exec-10] DEBUG o.s.security.web.FilterChainProxy - Secured GET /api/v1/public/gardes/aujourd-hui?communeId=2640a39e-d4dd-4d57-a003-963dc0f6fa54
2025-12-08 10:08:12 [http-nio-8080-exec-10] DEBUG o.s.web.servlet.DispatcherServlet - GET "/api/v1/public/gardes/aujourd-hui?communeId=2640a39e-d4dd-4d57-a003-963dc0f6fa54", parameters={masked}
2025-12-08 10:08:12 [http-nio-8080-exec-10] DEBUG o.s.w.s.m.m.a.RequestMappingHandlerMapping - Mapped to sn.sunufarmasi.shared.controller.PublicApiController#getGardesAujourdHui(UUID, UUID, UUID)
2025-12-08 10:08:12 [http-nio-8080-exec-10] INFO  s.s.s.controller.PublicApiController - GET /api/v1/public/gardes/aujourd-hui - commune=2640a39e-d4dd-4d57-a003-963dc0f6fa54, dept=null, region=null
2025-12-08 10:08:12 [http-nio-8080-exec-10] DEBUG org.hibernate.SQL - 
    /* SELECT
        g 
    FROM
        Garde g 
    WHERE
        g.commune.id = :communeId 
        AND :date BETWEEN g.dateDebut AND g.dateFin 
        AND g.statut NOT IN ('ANNULEE') */ select
            g1_0.id,
            g1_0.commune_id,
            g1_0.confirme_par_pharmacie,
            g1_0.created_at,
            g1_0.cree_par_id,
            g1_0.cree_par_nom,
            g1_0.date_confirmation,
            g1_0.date_debut,
            g1_0.date_fin,
            g1_0.date_notification,
            g1_0.date_rappel,
            g1_0.departement_id,
            g1_0.est_remplacement,
            g1_0.garde_remplacee_id,
            g1_0.heure_debut,
            g1_0.heure_fin,
            g1_0.latitude,
            g1_0.longitude,
            g1_0.motif_annulation,
            g1_0.notes,
            g1_0.notification_envoyee,
            g1_0.numero_semaine,
            g1_0.pharmacie_id,
            g1_0.planning_id,
            g1_0.rappel_envoye,
            g1_0.statut,
            g1_0.type_garde,
            g1_0.updated_at,
            g1_0.zone_nom 
        from
            gardes g1_0 
        where
            g1_0.commune_id=? 
            and ? between g1_0.date_debut and g1_0.date_fin 
            and g1_0.statut not in ('ANNULEE')
2025-12-08 10:08:12 [http-nio-8080-exec-10] DEBUG o.s.w.s.m.m.a.HttpEntityMethodProcessor - Using 'application/json', given [application/json] and supported [application/json, application/*+json, application/yaml]
2025-12-08 10:08:12 [http-nio-8080-exec-10] DEBUG o.s.w.s.m.m.a.HttpEntityMethodProcessor - Writing [ApiResponse[success=true, message=Pharmacies de garde le 2025-12-08, data=[], error=null, metadata=n (truncated)...]
2025-12-08 10:08:12 [http-nio-8080-exec-10] DEBUG o.s.web.servlet.DispatcherServlet - Completed 200 OK
2025-12-08 10:08:12 [http-nio-8080-exec-8] DEBUG o.s.security.web.FilterChainProxy - Securing GET /api/v1/public/pharmacies?communeId=2640a39e-d4dd-4d57-a003-963dc0f6fa54
2025-12-08 10:08:12 [http-nio-8080-exec-8] DEBUG o.s.s.w.a.AnonymousAuthenticationFilter - Set SecurityContextHolder to anonymous SecurityContext
2025-12-08 10:08:12 [http-nio-8080-exec-8] DEBUG o.s.security.web.FilterChainProxy - Secured GET /api/v1/public/pharmacies?communeId=2640a39e-d4dd-4d57-a003-963dc0f6fa54
2025-12-08 10:08:12 [http-nio-8080-exec-8] DEBUG o.s.web.servlet.DispatcherServlet - GET "/api/v1/public/pharmacies?communeId=2640a39e-d4dd-4d57-a003-963dc0f6fa54", parameters={masked}
2025-12-08 10:08:12 [http-nio-8080-exec-8] DEBUG o.s.w.s.m.m.a.RequestMappingHandlerMapping - Mapped to sn.sunufarmasi.shared.controller.PublicApiController#getPharmacies(UUID, UUID, UUID, String)
2025-12-08 10:08:12 [http-nio-8080-exec-8] INFO  s.s.s.controller.PublicApiController - GET /api/v1/public/pharmacies - commune=2640a39e-d4dd-4d57-a003-963dc0f6fa54, dept=null, region=null, search=null
2025-12-08 10:08:12 [http-nio-8080-exec-8] DEBUG org.hibernate.SQL - 
    /* <criteria> */ select
        p1_0.id,
        p1_0.accepte_commandes,
        p1_0.adresse_complete,
        p1_0.agrement_ministere_url,
        p1_0.assurance_url,
        p1_0.code,
        p1_0.commune_id,
        p1_0.created_at,
        p1_0.date_ouverture,
        p1_0.date_validation,
        p1_0.email,
        p1_0.horaires,
        p1_0.latitude,
        p1_0.lien_google_maps,
        p1_0.logo_url,
        p1_0.longitude,
        p1_0.motif_rejet,
        p1_0.nom,
        p1_0.notifications_actives,
        p1_0.numero_agrement_ministere,
        p1_0.numero_ordre,
        p1_0.pharmacien_proprietaire_id,
        p1_0.photo_facade_url,
        p1_0.photos_interieures_urls,
        p1_0.propose_livraison,
        p1_0.quartier,
        p1_0.raison_sociale,
        p1_0.rayon_livraison_km,
        p1_0.registre_commerce_url,
        p1_0.site_web,
        p1_0.statut,
        p1_0.syndicat_id,
        p1_0.telephone,
        p1_0.telephone_secondaire,
        p1_0.updated_at,
        p1_0.valide_par_id,
        p1_0.valide_par_nom 
    from
        pharmacies p1_0 
    left join
        communes c1_0 
            on c1_0.id=p1_0.commune_id 
    where
        c1_0.id=? 
        and p1_0.statut=?
2025-12-08 10:08:12 [http-nio-8080-exec-8] INFO  s.s.s.controller.PublicApiController - Filtre par commune 2640a39e-d4dd-4d57-a003-963dc0f6fa54 → 11 pharmacies
2025-12-08 10:08:12 [http-nio-8080-exec-8] DEBUG org.hibernate.SQL - 
    select
        c1_0.id,
        c1_0.actif,
        c1_0.altitude,
        c1_0.arrondissement,
        c1_0.code,
        c1_0.code_postal,
        c1_0.created_at,
        c1_0.departement_id,
        c1_0.latitude,
        c1_0.longitude,
        c1_0.nom,
        c1_0.ordre,
        c1_0.population,
        c1_0.superficie,
        c1_0.type_commune,
        c1_0.updated_at,
        c1_0.zone_urbaine 
    from
        communes c1_0 
    where
        c1_0.id=?
2025-12-08 10:08:12 [http-nio-8080-exec-8] DEBUG org.hibernate.SQL - 
    select
        d1_0.id,
        d1_0.actif,
        d1_0.chef_lieu,
        d1_0.code,
        d1_0.created_at,
        d1_0.latitude,
        d1_0.longitude,
        d1_0.nom,
        d1_0.ordre,
        d1_0.population,
        d1_0.region_id,
        d1_0.superficie,
        d1_0.updated_at 
    from
        departements d1_0 
    where
        d1_0.id=?
2025-12-08 10:08:12 [http-nio-8080-exec-8] DEBUG org.hibernate.SQL - 
    select
        r1_0.id,
        r1_0.actif,
        r1_0.chef_lieu,
        r1_0.code,
        r1_0.created_at,
        r1_0.latitude,
        r1_0.longitude,
        r1_0.nom,
        r1_0.ordre,
        r1_0.pays_id,
        r1_0.population,
        r1_0.superficie,
        r1_0.updated_at 
    from
        regions r1_0 
    where
        r1_0.id=?
2025-12-08 10:08:12 [http-nio-8080-exec-8] DEBUG org.hibernate.SQL - 
    select
        p1_0.id,
        p1_0.actif,
        p1_0.annee_diplome,
        p1_0.carte_ordre_url,
        p1_0.cin_url,
        p1_0.compte_verifie,
        p1_0.created_at,
        p1_0.date_debut_abonnement,
        p1_0.date_debut_essai,
        p1_0.date_dernier_paiement,
        p1_0.date_fin_abonnement,
        p1_0.date_fin_essai,
        p1_0.date_naissance,
        p1_0.date_verification_compte,
        p1_0.derniere_connexion,
        p1_0.diplome_url,
        p1_0.email,
        p1_0.essai_gratuit,
        p1_0.montant_mensuel,
        p1_0.mot_de_passe_hash,
        p1_0.nom,
        p1_0.nombre_employes_max,
        p1_0.nombre_pharmacies_actuelles,
        p1_0.nombre_pharmacies_max,
        p1_0.notifications_email,
        p1_0.notifications_push,
        p1_0.notifications_sms,
        p1_0.numero_ordre_national,
        p1_0.photo_url,
        p1_0.plan,
        p1_0.prenom,
        p1_0.prochain_paiement,
        p1_0.renouvellement_automatique,
        p1_0.sexe,
        p1_0.statut_abonnement,
        p1_0.telephone,
        p1_0.type,
        p1_0.universite_formation,
        p1_0.updated_at,
        p1_0.valide_par_ordre 
    from
        pharmaciens p1_0 
    where
        p1_0.id=?
2025-12-08 10:08:12 [http-nio-8080-exec-8] DEBUG org.hibernate.SQL - 
    select
        p1_0.id,
        p1_0.actif,
        p1_0.annee_diplome,
        p1_0.carte_ordre_url,
        p1_0.cin_url,
        p1_0.compte_verifie,
        p1_0.created_at,
        p1_0.date_debut_abonnement,
        p1_0.date_debut_essai,
        p1_0.date_dernier_paiement,
        p1_0.date_fin_abonnement,
        p1_0.date_fin_essai,
        p1_0.date_naissance,
        p1_0.date_verification_compte,
        p1_0.derniere_connexion,
        p1_0.diplome_url,
        p1_0.email,
        p1_0.essai_gratuit,
        p1_0.montant_mensuel,
        p1_0.mot_de_passe_hash,
        p1_0.nom,
        p1_0.nombre_employes_max,
        p1_0.nombre_pharmacies_actuelles,
        p1_0.nombre_pharmacies_max,
        p1_0.notifications_email,
        p1_0.notifications_push,
        p1_0.notifications_sms,
        p1_0.numero_ordre_national,
        p1_0.photo_url,
        p1_0.plan,
        p1_0.prenom,
        p1_0.prochain_paiement,
        p1_0.renouvellement_automatique,
        p1_0.sexe,
        p1_0.statut_abonnement,
        p1_0.telephone,
        p1_0.type,
        p1_0.universite_formation,
        p1_0.updated_at,
        p1_0.valide_par_ordre 
    from
        pharmaciens p1_0 
    where
        p1_0.id=?
2025-12-08 10:08:12 [http-nio-8080-exec-8] DEBUG org.hibernate.SQL - 
    select
        p1_0.id,
        p1_0.actif,
        p1_0.annee_diplome,
        p1_0.carte_ordre_url,
        p1_0.cin_url,
        p1_0.compte_verifie,
        p1_0.created_at,
        p1_0.date_debut_abonnement,
        p1_0.date_debut_essai,
        p1_0.date_dernier_paiement,
        p1_0.date_fin_abonnement,
        p1_0.date_fin_essai,
        p1_0.date_naissance,
        p1_0.date_verification_compte,
        p1_0.derniere_connexion,
        p1_0.diplome_url,
        p1_0.email,
        p1_0.essai_gratuit,
        p1_0.montant_mensuel,
        p1_0.mot_de_passe_hash,
        p1_0.nom,
        p1_0.nombre_employes_max,
        p1_0.nombre_pharmacies_actuelles,
        p1_0.nombre_pharmacies_max,
        p1_0.notifications_email,
        p1_0.notifications_push,
        p1_0.notifications_sms,
        p1_0.numero_ordre_national,
        p1_0.photo_url,
        p1_0.plan,
        p1_0.prenom,
        p1_0.prochain_paiement,
        p1_0.renouvellement_automatique,
        p1_0.sexe,
        p1_0.statut_abonnement,
        p1_0.telephone,
        p1_0.type,
        p1_0.universite_formation,
        p1_0.updated_at,
        p1_0.valide_par_ordre 
    from
        pharmaciens p1_0 
    where
        p1_0.id=?
2025-12-08 10:08:12 [http-nio-8080-exec-8] DEBUG org.hibernate.SQL - 
    select
        p1_0.id,
        p1_0.actif,
        p1_0.annee_diplome,
        p1_0.carte_ordre_url,
        p1_0.cin_url,
        p1_0.compte_verifie,
        p1_0.created_at,
        p1_0.date_debut_abonnement,
        p1_0.date_debut_essai,
        p1_0.date_dernier_paiement,
        p1_0.date_fin_abonnement,
        p1_0.date_fin_essai,
        p1_0.date_naissance,
        p1_0.date_verification_compte,
        p1_0.derniere_connexion,
        p1_0.diplome_url,
        p1_0.email,
        p1_0.essai_gratuit,
        p1_0.montant_mensuel,
        p1_0.mot_de_passe_hash,
        p1_0.nom,
        p1_0.nombre_employes_max,
        p1_0.nombre_pharmacies_actuelles,
        p1_0.nombre_pharmacies_max,
        p1_0.notifications_email,
        p1_0.notifications_push,
        p1_0.notifications_sms,
        p1_0.numero_ordre_national,
        p1_0.photo_url,
        p1_0.plan,
        p1_0.prenom,
        p1_0.prochain_paiement,
        p1_0.renouvellement_automatique,
        p1_0.sexe,
        p1_0.statut_abonnement,
        p1_0.telephone,
        p1_0.type,
        p1_0.universite_formation,
        p1_0.updated_at,
        p1_0.valide_par_ordre 
    from
        pharmaciens p1_0 
    where
        p1_0.id=?
2025-12-08 10:08:12 [http-nio-8080-exec-8] DEBUG org.hibernate.SQL - 
    select
        p1_0.id,
        p1_0.actif,
        p1_0.annee_diplome,
        p1_0.carte_ordre_url,
        p1_0.cin_url,
        p1_0.compte_verifie,
        p1_0.created_at,
        p1_0.date_debut_abonnement,
        p1_0.date_debut_essai,
        p1_0.date_dernier_paiement,
        p1_0.date_fin_abonnement,
        p1_0.date_fin_essai,
        p1_0.date_naissance,
        p1_0.date_verification_compte,
        p1_0.derniere_connexion,
        p1_0.diplome_url,
        p1_0.email,
        p1_0.essai_gratuit,
        p1_0.montant_mensuel,
        p1_0.mot_de_passe_hash,
        p1_0.nom,
        p1_0.nombre_employes_max,
        p1_0.nombre_pharmacies_actuelles,
        p1_0.nombre_pharmacies_max,
        p1_0.notifications_email,
        p1_0.notifications_push,
        p1_0.notifications_sms,
        p1_0.numero_ordre_national,
        p1_0.photo_url,
        p1_0.plan,
        p1_0.prenom,
        p1_0.prochain_paiement,
        p1_0.renouvellement_automatique,
        p1_0.sexe,
        p1_0.statut_abonnement,
        p1_0.telephone,
        p1_0.type,
        p1_0.universite_formation,
        p1_0.updated_at,
        p1_0.valide_par_ordre 
    from
        pharmaciens p1_0 
    where
        p1_0.id=?
2025-12-08 10:08:12 [http-nio-8080-exec-8] DEBUG org.hibernate.SQL - 
    select
        p1_0.id,
        p1_0.actif,
        p1_0.annee_diplome,
        p1_0.carte_ordre_url,
        p1_0.cin_url,
        p1_0.compte_verifie,
        p1_0.created_at,
        p1_0.date_debut_abonnement,
        p1_0.date_debut_essai,
        p1_0.date_dernier_paiement,
        p1_0.date_fin_abonnement,
        p1_0.date_fin_essai,
        p1_0.date_naissance,
        p1_0.date_verification_compte,
        p1_0.derniere_connexion,
        p1_0.diplome_url,
        p1_0.email,
        p1_0.essai_gratuit,
        p1_0.montant_mensuel,
        p1_0.mot_de_passe_hash,
        p1_0.nom,
        p1_0.nombre_employes_max,
        p1_0.nombre_pharmacies_actuelles,
        p1_0.nombre_pharmacies_max,
        p1_0.notifications_email,
        p1_0.notifications_push,
        p1_0.notifications_sms,
        p1_0.numero_ordre_national,
        p1_0.photo_url,
        p1_0.plan,
        p1_0.prenom,
        p1_0.prochain_paiement,
        p1_0.renouvellement_automatique,
        p1_0.sexe,
        p1_0.statut_abonnement,
        p1_0.telephone,
        p1_0.type,
        p1_0.universite_formation,
        p1_0.updated_at,
        p1_0.valide_par_ordre 
    from
        pharmaciens p1_0 
    where
        p1_0.id=?
2025-12-08 10:08:12 [http-nio-8080-exec-8] DEBUG org.hibernate.SQL - 
    select
        p1_0.id,
        p1_0.actif,
        p1_0.annee_diplome,
        p1_0.carte_ordre_url,
        p1_0.cin_url,
        p1_0.compte_verifie,
        p1_0.created_at,
        p1_0.date_debut_abonnement,
        p1_0.date_debut_essai,
        p1_0.date_dernier_paiement,
        p1_0.date_fin_abonnement,
        p1_0.date_fin_essai,
        p1_0.date_naissance,
        p1_0.date_verification_compte,
        p1_0.derniere_connexion,
        p1_0.diplome_url,
        p1_0.email,
        p1_0.essai_gratuit,
        p1_0.montant_mensuel,
        p1_0.mot_de_passe_hash,
        p1_0.nom,
        p1_0.nombre_employes_max,
        p1_0.nombre_pharmacies_actuelles,
        p1_0.nombre_pharmacies_max,
        p1_0.notifications_email,
        p1_0.notifications_push,
        p1_0.notifications_sms,
        p1_0.numero_ordre_national,
        p1_0.photo_url,
        p1_0.plan,
        p1_0.prenom,
        p1_0.prochain_paiement,
        p1_0.renouvellement_automatique,
        p1_0.sexe,
        p1_0.statut_abonnement,
        p1_0.telephone,
        p1_0.type,
        p1_0.universite_formation,
        p1_0.updated_at,
        p1_0.valide_par_ordre 
    from
        pharmaciens p1_0 
    where
        p1_0.id=?
2025-12-08 10:08:12 [http-nio-8080-exec-8] DEBUG org.hibernate.SQL - 
    select
        p1_0.id,
        p1_0.actif,
        p1_0.annee_diplome,
        p1_0.carte_ordre_url,
        p1_0.cin_url,
        p1_0.compte_verifie,
        p1_0.created_at,
        p1_0.date_debut_abonnement,
        p1_0.date_debut_essai,
        p1_0.date_dernier_paiement,
        p1_0.date_fin_abonnement,
        p1_0.date_fin_essai,
        p1_0.date_naissance,
        p1_0.date_verification_compte,
        p1_0.derniere_connexion,
        p1_0.diplome_url,
        p1_0.email,
        p1_0.essai_gratuit,
        p1_0.montant_mensuel,
        p1_0.mot_de_passe_hash,
        p1_0.nom,
        p1_0.nombre_employes_max,
        p1_0.nombre_pharmacies_actuelles,
        p1_0.nombre_pharmacies_max,
        p1_0.notifications_email,
        p1_0.notifications_push,
        p1_0.notifications_sms,
        p1_0.numero_ordre_national,
        p1_0.photo_url,
        p1_0.plan,
        p1_0.prenom,
        p1_0.prochain_paiement,
        p1_0.renouvellement_automatique,
        p1_0.sexe,
        p1_0.statut_abonnement,
        p1_0.telephone,
        p1_0.type,
        p1_0.universite_formation,
        p1_0.updated_at,
        p1_0.valide_par_ordre 
    from
        pharmaciens p1_0 
    where
        p1_0.id=?
2025-12-08 10:08:12 [http-nio-8080-exec-8] DEBUG org.hibernate.SQL - 
    select
        p1_0.id,
        p1_0.actif,
        p1_0.annee_diplome,
        p1_0.carte_ordre_url,
        p1_0.cin_url,
        p1_0.compte_verifie,
        p1_0.created_at,
        p1_0.date_debut_abonnement,
        p1_0.date_debut_essai,
        p1_0.date_dernier_paiement,
        p1_0.date_fin_abonnement,
        p1_0.date_fin_essai,
        p1_0.date_naissance,
        p1_0.date_verification_compte,
        p1_0.derniere_connexion,
        p1_0.diplome_url,
        p1_0.email,
        p1_0.essai_gratuit,
        p1_0.montant_mensuel,
        p1_0.mot_de_passe_hash,
        p1_0.nom,
        p1_0.nombre_employes_max,
        p1_0.nombre_pharmacies_actuelles,
        p1_0.nombre_pharmacies_max,
        p1_0.notifications_email,
        p1_0.notifications_push,
        p1_0.notifications_sms,
        p1_0.numero_ordre_national,
        p1_0.photo_url,
        p1_0.plan,
        p1_0.prenom,
        p1_0.prochain_paiement,
        p1_0.renouvellement_automatique,
        p1_0.sexe,
        p1_0.statut_abonnement,
        p1_0.telephone,
        p1_0.type,
        p1_0.universite_formation,
        p1_0.updated_at,
        p1_0.valide_par_ordre 
    from
        pharmaciens p1_0 
    where
        p1_0.id=?
2025-12-08 10:08:12 [http-nio-8080-exec-8] DEBUG org.hibernate.SQL - 
    select
        p1_0.id,
        p1_0.actif,
        p1_0.annee_diplome,
        p1_0.carte_ordre_url,
        p1_0.cin_url,
        p1_0.compte_verifie,
        p1_0.created_at,
        p1_0.date_debut_abonnement,
        p1_0.date_debut_essai,
        p1_0.date_dernier_paiement,
        p1_0.date_fin_abonnement,
        p1_0.date_fin_essai,
        p1_0.date_naissance,
        p1_0.date_verification_compte,
        p1_0.derniere_connexion,
        p1_0.diplome_url,
        p1_0.email,
        p1_0.essai_gratuit,
        p1_0.montant_mensuel,
        p1_0.mot_de_passe_hash,
        p1_0.nom,
        p1_0.nombre_employes_max,
        p1_0.nombre_pharmacies_actuelles,
        p1_0.nombre_pharmacies_max,
        p1_0.notifications_email,
        p1_0.notifications_push,
        p1_0.notifications_sms,
        p1_0.numero_ordre_national,
        p1_0.photo_url,
        p1_0.plan,
        p1_0.prenom,
        p1_0.prochain_paiement,
        p1_0.renouvellement_automatique,
        p1_0.sexe,
        p1_0.statut_abonnement,
        p1_0.telephone,
        p1_0.type,
        p1_0.universite_formation,
        p1_0.updated_at,
        p1_0.valide_par_ordre 
    from
        pharmaciens p1_0 
    where
        p1_0.id=?
2025-12-08 10:08:12 [http-nio-8080-exec-8] DEBUG o.s.w.s.m.m.a.HttpEntityMethodProcessor - Using 'application/json', given [application/json] and supported [application/json, application/*+json, application/yaml]
2025-12-08 10:08:12 [http-nio-8080-exec-8] DEBUG o.s.w.s.m.m.a.HttpEntityMethodProcessor - Writing [ApiResponse[success=true, message=Pharmacies, data=[{id=c5f79150-75b0-4a2d-96cb-bb824ae922a3, code=P (truncated)...]
2025-12-08 10:08:12 [http-nio-8080-exec-8] DEBUG o.s.web.servlet.DispatcherServlet - Completed 200 OK
2025-12-08 10:30:26 [SpringApplicationShutdownHook] INFO  o.s.b.w.e.tomcat.GracefulShutdown - Commencing graceful shutdown. Waiting for active requests to complete
2025-12-08 10:30:26 [tomcat-shutdown] INFO  o.s.b.w.e.tomcat.GracefulShutdown - Graceful shutdown complete
2025-12-08 10:30:26 [SpringApplicationShutdownHook] INFO  o.s.o.j.LocalContainerEntityManagerFactoryBean - Closing JPA EntityManagerFactory for persistence unit 'default'
2025-12-08 10:30:26 [SpringApplicationShutdownHook] INFO  com.zaxxer.hikari.HikariDataSource - HikariPool-1 - Shutdown initiated...
2025-12-08 10:30:26 [SpringApplicationShutdownHook] INFO  com.zaxxer.hikari.HikariDataSource - HikariPool-1 - Shutdown completed.
